feature_set,model,split,cell_id,policy,true,pred,ape(%)
A_dq_var,Dummy,B2,b2c0,5.2C(58%)-4C,477.0,774.9,62.45
A_dq_var,Dummy,B2,b2c1,5.6C(26%)-4.5C,491.0,774.9,57.82
A_dq_var,Dummy,B2,b2c2,5.2C(50%)-4.25C,424.0,774.9,82.76
A_dq_var,Dummy,B2,b2c3,4.65C(44%)-5C,499.0,774.9,55.29
A_dq_var,Dummy,B2,b2c4,4.65C(69%)-6C,444.0,774.9,74.53
A_dq_var,Dummy,B2,b2c5,3.6C(30%)-6C,416.0,774.9,86.27
A_dq_var,Dummy,B2,b2c6,3.6C(9%)-5C,393.0,774.9,97.18
A_dq_var,Dummy,B2,b2c7,4.8C(80%)-4.8C-newstructure,777.0,774.9,0.27
A_dq_var,Dummy,B2,b2c8,5.2C(58%)-4C-newstructure,904.0,774.9,14.28
A_dq_var,Dummy,B2,b2c9,5.6C(26%)-4.5C-newstructure,791.0,774.9,2.04
A_dq_var,Dummy,B2,b2c10,4.8C(80%)-4.8C,492.0,774.9,57.5
A_dq_var,Dummy,B2,b2c11,5.2C(50%)-4.25C,449.0,774.9,72.58
A_dq_var,Dummy,B2,b2c12,4.65C(44%)-5C,466.0,774.9,66.29
A_dq_var,Dummy,B2,b2c13,4.65C(69%)-6C,460.0,774.9,68.46
A_dq_var,Dummy,B2,b2c14,3.6C(30%)-6C,426.0,774.9,81.9
A_dq_var,Dummy,B2,b2c15,3.6C(9%)-5C,396.0,774.9,95.68
A_dq_var,Dummy,B2,b2c16,4.8C(80%)-4.8C,472.0,774.9,64.17
A_dq_var,Dummy,B2,b2c17,5.6C(26%)-4.5C,471.0,774.9,64.52
A_dq_var,Dummy,B2,b2c18,5.2C(50%)-4.25C,449.0,774.9,72.58
A_dq_var,Dummy,B2,b2c19,6C(60%)-3C,392.0,774.9,97.68
A_dq_var,Dummy,B2,b2c20,5.2C(58%)-4C,489.0,774.9,58.47
A_dq_var,Dummy,B2,b2c21,6C(60%)-3C,408.0,774.9,89.93
A_dq_var,Dummy,B2,b2c24,4.8C(80%)-4.8C,514.0,774.9,50.76
A_dq_var,Dummy,B2,b2c25,5.2C(58%)-4C,493.0,774.9,57.18
A_dq_var,Dummy,B2,b2c26,5.6C(26%)-4.5C,450.0,774.9,72.2
A_dq_var,Dummy,B2,b2c27,5.2C(50%)-4.25C,474.0,774.9,63.48
A_dq_var,Dummy,B2,b2c28,4.8C(80%)-4.8C,437.0,774.9,77.32
A_dq_var,Dummy,B2,b2c29,5.2C(58%)-4C,452.0,774.9,71.44
A_dq_var,Dummy,B2,b2c30,5.6C(26%)-4.5C,412.0,774.9,88.08
A_dq_var,Dummy,B2,b2c31,5.6C(26%)-4.5C,425.0,774.9,82.33
A_dq_var,Dummy,B2,b2c32,4.8C(80%)-4.8C-newstructure,809.0,774.9,4.21
A_dq_var,Dummy,B2,b2c33,5.2C(58%)-4C-newstructure,1140.0,774.9,32.03
A_dq_var,Dummy,B2,b2c34,5.6C(26%)-4.5C-newstructure,1186.0,774.9,34.66
A_dq_var,Dummy,B2,b2c41,5.6C(26%)-4.5C,442.0,774.9,75.32
A_dq_var,Dummy,B2,b2c42,5.2C(50%)-4.25C,474.0,774.9,63.48
A_dq_var,Dummy,B2,b2c43,4.8C(80%)-4.8C-newstructure,1029.0,774.9,24.69
A_dq_var,Dummy,B2,b2c44,5.2C(58%)-4C-newstructure,841.0,774.9,7.86
A_dq_var,Dummy,B2,b2c45,5.6C(26%)-4.5C-newstructure,997.0,774.9,22.28
A_dq_var,Dummy,B2,b2c46,4.8C(80%)-4.8C,503.0,774.9,54.06
A_dq_var,Dummy,B3,b3c0,5C(67%)-4C-newstructure,1009.0,774.9,23.2
A_dq_var,Dummy,B3,b3c1,5.3C(54%)-4C-newstructure,1063.0,774.9,27.1
A_dq_var,Dummy,B3,b3c3,5.6C(36%)-4.3C-newstructure,1115.0,774.9,30.5
A_dq_var,Dummy,B3,b3c4,5.6C(19%)-4.6C-newstructure,1048.0,774.9,26.06
A_dq_var,Dummy,B3,b3c5,5.6C(36%)-4.3C-newstructure,828.0,774.9,6.41
A_dq_var,Dummy,B3,b3c6,3.7C(31%)-5.9C-newstructure,667.0,774.9,16.18
A_dq_var,Dummy,B3,b3c7,4.8C(80%)-4.8C-newstructure,1836.0,774.9,57.79
A_dq_var,Dummy,B3,b3c8,5C(67%)-4C-newstructure,828.0,774.9,6.41
A_dq_var,Dummy,B3,b3c9,5.3C(54%)-4C-newstructure,1039.0,774.9,25.42
A_dq_var,Dummy,B3,b3c10,4.8C(80%)-4.8C-newstructure,1078.0,774.9,28.12
A_dq_var,Dummy,B3,b3c11,5.6C(19%)-4.6C-newstructure,817.0,774.9,5.15
A_dq_var,Dummy,B3,b3c12,5.6C(36%)-4.3C-newstructure,932.0,774.9,16.86
A_dq_var,Dummy,B3,b3c13,5.6C(19%)-4.6C-newstructure,816.0,774.9,5.04
A_dq_var,Dummy,B3,b3c14,5.6C(36%)-4.3C-newstructure,858.0,774.9,9.69
A_dq_var,Dummy,B3,b3c15,5.9C(15%)-4.6C-newstructure,876.0,774.9,11.54
A_dq_var,Dummy,B3,b3c16,4.8C(80%)-4.8C-newstructure,1638.0,774.9,52.69
A_dq_var,Dummy,B3,b3c17,5.3C(54%)-4C-newstructure,1315.0,774.9,41.07
A_dq_var,Dummy,B3,b3c18,5.6C(19%)-4.6C-newstructure,1146.0,774.9,32.38
A_dq_var,Dummy,B3,b3c19,5.6C(36%)-4.3C-newstructure,1155.0,774.9,32.91
A_dq_var,Dummy,B3,b3c20,5C(67%)-4C-newstructure,813.0,774.9,4.69
A_dq_var,Dummy,B3,b3c21,3.7C(31%)-5.9C-newstructure,772.0,774.9,0.38
A_dq_var,Dummy,B3,b3c22,5.9C(60%)-3.1C-newstructure,1002.0,774.9,22.66
A_dq_var,Dummy,B3,b3c24,5C(67%)-4C-newstructure,825.0,774.9,6.07
A_dq_var,Dummy,B3,b3c25,5.3C(54%)-4C-newstructure,989.0,774.9,21.65
A_dq_var,Dummy,B3,b3c26,5.6C(19%)-4.6C-newstructure,1028.0,774.9,24.62
A_dq_var,Dummy,B3,b3c27,5.6C(36%)-4.3C-newstructure,850.0,774.9,8.84
A_dq_var,Dummy,B3,b3c28,3.7C(31%)-5.9C-newstructure,541.0,774.9,43.23
A_dq_var,Dummy,B3,b3c29,5.9C(15%)-4.6C-newstructure,858.0,774.9,9.69
A_dq_var,Dummy,B3,b3c30,5.3C(54%)-4C-newstructure,935.0,774.9,17.12
A_dq_var,Dummy,B3,b3c31,5.9C(60%)-3.1C-newstructure,731.0,774.9,6.01
A_dq_var,Dummy,B3,b3c33,5C(67%)-4C-newstructure,1284.0,774.9,39.65
A_dq_var,Dummy,B3,b3c34,5.3C(54%)-4C-newstructure,1158.0,774.9,33.08
A_dq_var,Dummy,B3,b3c35,5.6C(19%)-4.6C-newstructure,1093.0,774.9,29.1
A_dq_var,Dummy,B3,b3c36,5.6C(36%)-4.3C-newstructure,923.0,774.9,16.05
A_dq_var,Dummy,B3,b3c38,5C(67%)-4C-newstructure,1935.0,774.9,59.95
A_dq_var,Dummy,B3,b3c39,5.3C(54%)-4C-newstructure,1156.0,774.9,32.97
A_dq_var,Dummy,B3,b3c40,5.6C(19%)-4.6C-newstructure,796.0,774.9,2.65
A_dq_var,Dummy,B3,b3c41,5.6C(36%)-4.3C-newstructure,786.0,774.9,1.41
A_dq_var,Dummy,B3,b3c44,5.3C(54%)-4C-newstructure,940.0,774.9,17.56
A_dq_var,Dummy,B3,b3c45,4.8C(80%)-4.8C-newstructure,1801.0,774.9,56.97
A_dq_var,ElasticNet,B2,b2c0,5.2C(58%)-4C,477.0,629.52,31.98
A_dq_var,ElasticNet,B2,b2c1,5.6C(26%)-4.5C,491.0,553.07,12.64
A_dq_var,ElasticNet,B2,b2c2,5.2C(50%)-4.25C,424.0,617.99,45.75
A_dq_var,ElasticNet,B2,b2c3,4.65C(44%)-5C,499.0,633.4,26.93
A_dq_var,ElasticNet,B2,b2c4,4.65C(69%)-6C,444.0,528.81,19.1
A_dq_var,ElasticNet,B2,b2c5,3.6C(30%)-6C,416.0,478.33,14.98
A_dq_var,ElasticNet,B2,b2c6,3.6C(9%)-5C,393.0,648.22,64.94
A_dq_var,ElasticNet,B2,b2c7,4.8C(80%)-4.8C-newstructure,777.0,1047.69,34.84
A_dq_var,ElasticNet,B2,b2c8,5.2C(58%)-4C-newstructure,904.0,959.01,6.09
A_dq_var,ElasticNet,B2,b2c9,5.6C(26%)-4.5C-newstructure,791.0,1131.72,43.08
A_dq_var,ElasticNet,B2,b2c10,4.8C(80%)-4.8C,492.0,614.05,24.81
A_dq_var,ElasticNet,B2,b2c11,5.2C(50%)-4.25C,449.0,628.72,40.03
A_dq_var,ElasticNet,B2,b2c12,4.65C(44%)-5C,466.0,505.97,8.58
A_dq_var,ElasticNet,B2,b2c13,4.65C(69%)-6C,460.0,570.91,24.11
A_dq_var,ElasticNet,B2,b2c14,3.6C(30%)-6C,426.0,489.14,14.82
A_dq_var,ElasticNet,B2,b2c15,3.6C(9%)-5C,396.0,642.13,62.16
A_dq_var,ElasticNet,B2,b2c16,4.8C(80%)-4.8C,472.0,632.81,34.07
A_dq_var,ElasticNet,B2,b2c17,5.6C(26%)-4.5C,471.0,635.18,34.86
A_dq_var,ElasticNet,B2,b2c18,5.2C(50%)-4.25C,449.0,731.82,62.99
A_dq_var,ElasticNet,B2,b2c19,6C(60%)-3C,392.0,550.77,40.5
A_dq_var,ElasticNet,B2,b2c20,5.2C(58%)-4C,489.0,610.03,24.75
A_dq_var,ElasticNet,B2,b2c21,6C(60%)-3C,408.0,564.01,38.24
A_dq_var,ElasticNet,B2,b2c24,4.8C(80%)-4.8C,514.0,699.3,36.05
A_dq_var,ElasticNet,B2,b2c25,5.2C(58%)-4C,493.0,650.19,31.89
A_dq_var,ElasticNet,B2,b2c26,5.6C(26%)-4.5C,450.0,525.05,16.68
A_dq_var,ElasticNet,B2,b2c27,5.2C(50%)-4.25C,474.0,629.07,32.71
A_dq_var,ElasticNet,B2,b2c28,4.8C(80%)-4.8C,437.0,602.61,37.9
A_dq_var,ElasticNet,B2,b2c29,5.2C(58%)-4C,452.0,638.63,41.29
A_dq_var,ElasticNet,B2,b2c30,5.6C(26%)-4.5C,412.0,512.04,24.28
A_dq_var,ElasticNet,B2,b2c31,5.6C(26%)-4.5C,425.0,574.01,35.06
A_dq_var,ElasticNet,B2,b2c32,4.8C(80%)-4.8C-newstructure,809.0,978.26,20.92
A_dq_var,ElasticNet,B2,b2c33,5.2C(58%)-4C-newstructure,1140.0,1047.66,8.1
A_dq_var,ElasticNet,B2,b2c34,5.6C(26%)-4.5C-newstructure,1186.0,1215.33,2.47
A_dq_var,ElasticNet,B2,b2c41,5.6C(26%)-4.5C,442.0,507.49,14.82
A_dq_var,ElasticNet,B2,b2c42,5.2C(50%)-4.25C,474.0,627.51,32.39
A_dq_var,ElasticNet,B2,b2c43,4.8C(80%)-4.8C-newstructure,1029.0,1076.84,4.65
A_dq_var,ElasticNet,B2,b2c44,5.2C(58%)-4C-newstructure,841.0,1147.4,36.43
A_dq_var,ElasticNet,B2,b2c45,5.6C(26%)-4.5C-newstructure,997.0,1007.99,1.1
A_dq_var,ElasticNet,B2,b2c46,4.8C(80%)-4.8C,503.0,638.9,27.02
A_dq_var,ElasticNet,B3,b3c0,5C(67%)-4C-newstructure,1009.0,1057.37,4.79
A_dq_var,ElasticNet,B3,b3c1,5.3C(54%)-4C-newstructure,1063.0,1087.03,2.26
A_dq_var,ElasticNet,B3,b3c3,5.6C(36%)-4.3C-newstructure,1115.0,968.36,13.15
A_dq_var,ElasticNet,B3,b3c4,5.6C(19%)-4.6C-newstructure,1048.0,1010.23,3.6
A_dq_var,ElasticNet,B3,b3c5,5.6C(36%)-4.3C-newstructure,828.0,966.92,16.78
A_dq_var,ElasticNet,B3,b3c6,3.7C(31%)-5.9C-newstructure,667.0,646.3,3.1
A_dq_var,ElasticNet,B3,b3c7,4.8C(80%)-4.8C-newstructure,1836.0,1249.19,31.96
A_dq_var,ElasticNet,B3,b3c8,5C(67%)-4C-newstructure,828.0,952.07,14.98
A_dq_var,ElasticNet,B3,b3c9,5.3C(54%)-4C-newstructure,1039.0,883.33,14.98
A_dq_var,ElasticNet,B3,b3c10,4.8C(80%)-4.8C-newstructure,1078.0,1184.76,9.9
A_dq_var,ElasticNet,B3,b3c11,5.6C(19%)-4.6C-newstructure,817.0,826.39,1.15
A_dq_var,ElasticNet,B3,b3c12,5.6C(36%)-4.3C-newstructure,932.0,862.13,7.5
A_dq_var,ElasticNet,B3,b3c13,5.6C(19%)-4.6C-newstructure,816.0,953.8,16.89
A_dq_var,ElasticNet,B3,b3c14,5.6C(36%)-4.3C-newstructure,858.0,893.89,4.18
A_dq_var,ElasticNet,B3,b3c15,5.9C(15%)-4.6C-newstructure,876.0,894.52,2.11
A_dq_var,ElasticNet,B3,b3c16,4.8C(80%)-4.8C-newstructure,1638.0,1438.07,12.21
A_dq_var,ElasticNet,B3,b3c17,5.3C(54%)-4C-newstructure,1315.0,1207.98,8.14
A_dq_var,ElasticNet,B3,b3c18,5.6C(19%)-4.6C-newstructure,1146.0,1063.86,7.17
A_dq_var,ElasticNet,B3,b3c19,5.6C(36%)-4.3C-newstructure,1155.0,1005.73,12.92
A_dq_var,ElasticNet,B3,b3c20,5C(67%)-4C-newstructure,813.0,935.62,15.08
A_dq_var,ElasticNet,B3,b3c21,3.7C(31%)-5.9C-newstructure,772.0,730.33,5.4
A_dq_var,ElasticNet,B3,b3c22,5.9C(60%)-3.1C-newstructure,1002.0,923.21,7.86
A_dq_var,ElasticNet,B3,b3c24,5C(67%)-4C-newstructure,825.0,994.31,20.52
A_dq_var,ElasticNet,B3,b3c25,5.3C(54%)-4C-newstructure,989.0,988.42,0.06
A_dq_var,ElasticNet,B3,b3c26,5.6C(19%)-4.6C-newstructure,1028.0,1039.01,1.07
A_dq_var,ElasticNet,B3,b3c27,5.6C(36%)-4.3C-newstructure,850.0,977.37,14.98
A_dq_var,ElasticNet,B3,b3c28,3.7C(31%)-5.9C-newstructure,541.0,614.37,13.56
A_dq_var,ElasticNet,B3,b3c29,5.9C(15%)-4.6C-newstructure,858.0,933.85,8.84
A_dq_var,ElasticNet,B3,b3c30,5.3C(54%)-4C-newstructure,935.0,957.57,2.41
A_dq_var,ElasticNet,B3,b3c31,5.9C(60%)-3.1C-newstructure,731.0,801.16,9.6
A_dq_var,ElasticNet,B3,b3c33,5C(67%)-4C-newstructure,1284.0,1172.3,8.7
A_dq_var,ElasticNet,B3,b3c34,5.3C(54%)-4C-newstructure,1158.0,1102.1,4.83
A_dq_var,ElasticNet,B3,b3c35,5.6C(19%)-4.6C-newstructure,1093.0,1049.98,3.94
A_dq_var,ElasticNet,B3,b3c36,5.6C(36%)-4.3C-newstructure,923.0,1063.43,15.21
A_dq_var,ElasticNet,B3,b3c38,5C(67%)-4C-newstructure,1935.0,1129.89,41.61
A_dq_var,ElasticNet,B3,b3c39,5.3C(54%)-4C-newstructure,1156.0,1220.37,5.57
A_dq_var,ElasticNet,B3,b3c40,5.6C(19%)-4.6C-newstructure,796.0,1094.17,37.46
A_dq_var,ElasticNet,B3,b3c41,5.6C(36%)-4.3C-newstructure,786.0,1039.01,32.19
A_dq_var,ElasticNet,B3,b3c44,5.3C(54%)-4C-newstructure,940.0,978.28,4.07
A_dq_var,ElasticNet,B3,b3c45,4.8C(80%)-4.8C-newstructure,1801.0,1276.94,29.1
A_dq_var,Ridge,B2,b2c0,5.2C(58%)-4C,477.0,629.85,32.05
A_dq_var,Ridge,B2,b2c1,5.6C(26%)-4.5C,491.0,553.55,12.74
A_dq_var,Ridge,B2,b2c2,5.2C(50%)-4.25C,424.0,618.35,45.84
A_dq_var,Ridge,B2,b2c3,4.65C(44%)-5C,499.0,633.73,27.0
A_dq_var,Ridge,B2,b2c4,4.65C(69%)-6C,444.0,529.33,19.22
A_dq_var,Ridge,B2,b2c5,3.6C(30%)-6C,416.0,478.92,15.12
A_dq_var,Ridge,B2,b2c6,3.6C(9%)-5C,393.0,648.51,65.02
A_dq_var,Ridge,B2,b2c7,4.8C(80%)-4.8C-newstructure,777.0,1046.89,34.73
A_dq_var,Ridge,B2,b2c8,5.2C(58%)-4C-newstructure,904.0,958.49,6.03
A_dq_var,Ridge,B2,b2c9,5.6C(26%)-4.5C-newstructure,791.0,1130.64,42.94
A_dq_var,Ridge,B2,b2c10,4.8C(80%)-4.8C,492.0,614.41,24.88
A_dq_var,Ridge,B2,b2c11,5.2C(50%)-4.25C,449.0,629.05,40.1
A_dq_var,Ridge,B2,b2c12,4.65C(44%)-5C,466.0,506.52,8.69
A_dq_var,Ridge,B2,b2c13,4.65C(69%)-6C,460.0,571.35,24.21
A_dq_var,Ridge,B2,b2c14,3.6C(30%)-6C,426.0,489.71,14.95
A_dq_var,Ridge,B2,b2c15,3.6C(9%)-5C,396.0,642.44,62.23
A_dq_var,Ridge,B2,b2c16,4.8C(80%)-4.8C,472.0,633.14,34.14
A_dq_var,Ridge,B2,b2c17,5.6C(26%)-4.5C,471.0,635.5,34.93
A_dq_var,Ridge,B2,b2c18,5.2C(50%)-4.25C,449.0,731.92,63.01
A_dq_var,Ridge,B2,b2c19,6C(60%)-3C,392.0,551.25,40.62
A_dq_var,Ridge,B2,b2c20,5.2C(58%)-4C,489.0,610.4,24.83
A_dq_var,Ridge,B2,b2c21,6C(60%)-3C,408.0,564.47,38.35
A_dq_var,Ridge,B2,b2c24,4.8C(80%)-4.8C,514.0,699.48,36.09
A_dq_var,Ridge,B2,b2c25,5.2C(58%)-4C,493.0,650.48,31.94
A_dq_var,Ridge,B2,b2c26,5.6C(26%)-4.5C,450.0,525.56,16.79
A_dq_var,Ridge,B2,b2c27,5.2C(50%)-4.25C,474.0,629.4,32.78
A_dq_var,Ridge,B2,b2c28,4.8C(80%)-4.8C,437.0,602.99,37.98
A_dq_var,Ridge,B2,b2c29,5.2C(58%)-4C,452.0,638.94,41.36
A_dq_var,Ridge,B2,b2c30,5.6C(26%)-4.5C,412.0,512.58,24.41
A_dq_var,Ridge,B2,b2c31,5.6C(26%)-4.5C,425.0,574.45,35.16
A_dq_var,Ridge,B2,b2c32,4.8C(80%)-4.8C-newstructure,809.0,977.68,20.85
A_dq_var,Ridge,B2,b2c33,5.2C(58%)-4C-newstructure,1140.0,1046.86,8.17
A_dq_var,Ridge,B2,b2c34,5.6C(26%)-4.5C-newstructure,1186.0,1213.95,2.36
A_dq_var,Ridge,B2,b2c41,5.6C(26%)-4.5C,442.0,508.04,14.94
A_dq_var,Ridge,B2,b2c42,5.2C(50%)-4.25C,474.0,627.85,32.46
A_dq_var,Ridge,B2,b2c43,4.8C(80%)-4.8C-newstructure,1029.0,1075.95,4.56
A_dq_var,Ridge,B2,b2c44,5.2C(58%)-4C-newstructure,841.0,1146.26,36.3
A_dq_var,Ridge,B2,b2c45,5.6C(26%)-4.5C-newstructure,997.0,1007.32,1.03
A_dq_var,Ridge,B2,b2c46,4.8C(80%)-4.8C,503.0,639.21,27.08
A_dq_var,Ridge,B3,b3c0,5C(67%)-4C-newstructure,1009.0,1056.54,4.71
A_dq_var,Ridge,B3,b3c1,5.3C(54%)-4C-newstructure,1063.0,1086.1,2.17
A_dq_var,Ridge,B3,b3c3,5.6C(36%)-4.3C-newstructure,1115.0,967.82,13.2
A_dq_var,Ridge,B3,b3c4,5.6C(19%)-4.6C-newstructure,1048.0,1009.55,3.67
A_dq_var,Ridge,B3,b3c5,5.6C(36%)-4.3C-newstructure,828.0,966.38,16.71
A_dq_var,Ridge,B3,b3c6,3.7C(31%)-5.9C-newstructure,667.0,646.6,3.06
A_dq_var,Ridge,B3,b3c7,4.8C(80%)-4.8C-newstructure,1836.0,1247.68,32.04
A_dq_var,Ridge,B3,b3c8,5C(67%)-4C-newstructure,828.0,951.57,14.92
A_dq_var,Ridge,B3,b3c9,5.3C(54%)-4C-newstructure,1039.0,883.04,15.01
A_dq_var,Ridge,B3,b3c10,4.8C(80%)-4.8C-newstructure,1078.0,1183.49,9.79
A_dq_var,Ridge,B3,b3c11,5.6C(19%)-4.6C-newstructure,817.0,826.26,1.13
A_dq_var,Ridge,B3,b3c12,5.6C(36%)-4.3C-newstructure,932.0,861.9,7.52
A_dq_var,Ridge,B3,b3c13,5.6C(19%)-4.6C-newstructure,816.0,953.3,16.83
A_dq_var,Ridge,B3,b3c14,5.6C(36%)-4.3C-newstructure,858.0,893.57,4.15
A_dq_var,Ridge,B3,b3c15,5.9C(15%)-4.6C-newstructure,876.0,894.19,2.08
A_dq_var,Ridge,B3,b3c16,4.8C(80%)-4.8C-newstructure,1638.0,1435.82,12.34
A_dq_var,Ridge,B3,b3c17,5.3C(54%)-4C-newstructure,1315.0,1206.62,8.24
A_dq_var,Ridge,B3,b3c18,5.6C(19%)-4.6C-newstructure,1146.0,1063.0,7.24
A_dq_var,Ridge,B3,b3c19,5.6C(36%)-4.3C-newstructure,1155.0,1005.07,12.98
A_dq_var,Ridge,B3,b3c20,5C(67%)-4C-newstructure,813.0,935.18,15.03
A_dq_var,Ridge,B3,b3c21,3.7C(31%)-5.9C-newstructure,772.0,730.44,5.38
A_dq_var,Ridge,B3,b3c22,5.9C(60%)-3.1C-newstructure,1002.0,922.8,7.9
A_dq_var,Ridge,B3,b3c24,5C(67%)-4C-newstructure,825.0,993.69,20.45
A_dq_var,Ridge,B3,b3c25,5.3C(54%)-4C-newstructure,989.0,987.81,0.12
A_dq_var,Ridge,B3,b3c26,5.6C(19%)-4.6C-newstructure,1028.0,1038.23,1.0
A_dq_var,Ridge,B3,b3c27,5.6C(36%)-4.3C-newstructure,850.0,976.79,14.92
A_dq_var,Ridge,B3,b3c28,3.7C(31%)-5.9C-newstructure,541.0,614.73,13.63
A_dq_var,Ridge,B3,b3c29,5.9C(15%)-4.6C-newstructure,858.0,933.41,8.79
A_dq_var,Ridge,B3,b3c30,5.3C(54%)-4C-newstructure,935.0,957.06,2.36
A_dq_var,Ridge,B3,b3c31,5.9C(60%)-3.1C-newstructure,731.0,801.09,9.59
A_dq_var,Ridge,B3,b3c33,5C(67%)-4C-newstructure,1284.0,1171.07,8.8
A_dq_var,Ridge,B3,b3c34,5.3C(54%)-4C-newstructure,1158.0,1101.12,4.91
A_dq_var,Ridge,B3,b3c35,5.6C(19%)-4.6C-newstructure,1093.0,1049.17,4.01
A_dq_var,Ridge,B3,b3c36,5.6C(36%)-4.3C-newstructure,923.0,1062.57,15.12
A_dq_var,Ridge,B3,b3c38,5C(67%)-4C-newstructure,1935.0,1128.81,41.66
A_dq_var,Ridge,B3,b3c39,5.3C(54%)-4C-newstructure,1156.0,1218.97,5.45
A_dq_var,Ridge,B3,b3c40,5.6C(19%)-4.6C-newstructure,796.0,1093.21,37.34
A_dq_var,Ridge,B3,b3c41,5.6C(36%)-4.3C-newstructure,786.0,1038.24,32.09
A_dq_var,Ridge,B3,b3c44,5.3C(54%)-4C-newstructure,940.0,977.7,4.01
A_dq_var,Ridge,B3,b3c45,4.8C(80%)-4.8C-newstructure,1801.0,1275.32,29.19
A_dq_var,RandomForest,B2,b2c0,5.2C(58%)-4C,477.0,601.64,26.13
A_dq_var,RandomForest,B2,b2c1,5.6C(26%)-4.5C,491.0,599.61,22.12
A_dq_var,RandomForest,B2,b2c2,5.2C(50%)-4.25C,424.0,599.98,41.51
A_dq_var,RandomForest,B2,b2c3,4.65C(44%)-5C,499.0,601.64,20.57
A_dq_var,RandomForest,B2,b2c4,4.65C(69%)-6C,444.0,599.61,35.05
A_dq_var,RandomForest,B2,b2c5,3.6C(30%)-6C,416.0,599.61,44.14
A_dq_var,RandomForest,B2,b2c6,3.6C(9%)-5C,393.0,621.05,58.03
A_dq_var,RandomForest,B2,b2c7,4.8C(80%)-4.8C-newstructure,777.0,952.64,22.61
A_dq_var,RandomForest,B2,b2c8,5.2C(58%)-4C-newstructure,904.0,952.64,5.38
A_dq_var,RandomForest,B2,b2c9,5.6C(26%)-4.5C-newstructure,791.0,952.64,20.44
A_dq_var,RandomForest,B2,b2c10,4.8C(80%)-4.8C,492.0,599.98,21.95
A_dq_var,RandomForest,B2,b2c11,5.2C(50%)-4.25C,449.0,601.64,34.0
A_dq_var,RandomForest,B2,b2c12,4.65C(44%)-5C,466.0,599.61,28.67
A_dq_var,RandomForest,B2,b2c13,4.65C(69%)-6C,460.0,599.61,30.35
A_dq_var,RandomForest,B2,b2c14,3.6C(30%)-6C,426.0,599.61,40.75
A_dq_var,RandomForest,B2,b2c15,3.6C(9%)-5C,396.0,601.64,51.93
A_dq_var,RandomForest,B2,b2c16,4.8C(80%)-4.8C,472.0,601.64,27.47
A_dq_var,RandomForest,B2,b2c17,5.6C(26%)-4.5C,471.0,601.64,27.74
A_dq_var,RandomForest,B2,b2c18,5.2C(50%)-4.25C,449.0,697.95,55.44
A_dq_var,RandomForest,B2,b2c19,6C(60%)-3C,392.0,599.61,52.96
A_dq_var,RandomForest,B2,b2c20,5.2C(58%)-4C,489.0,599.98,22.7
A_dq_var,RandomForest,B2,b2c21,6C(60%)-3C,408.0,599.61,46.96
A_dq_var,RandomForest,B2,b2c24,4.8C(80%)-4.8C,514.0,697.34,35.67
A_dq_var,RandomForest,B2,b2c25,5.2C(58%)-4C,493.0,621.48,26.06
A_dq_var,RandomForest,B2,b2c26,5.6C(26%)-4.5C,450.0,599.61,33.25
A_dq_var,RandomForest,B2,b2c27,5.2C(50%)-4.25C,474.0,601.64,26.93
A_dq_var,RandomForest,B2,b2c28,4.8C(80%)-4.8C,437.0,599.61,37.21
A_dq_var,RandomForest,B2,b2c29,5.2C(58%)-4C,452.0,601.64,33.11
A_dq_var,RandomForest,B2,b2c30,5.6C(26%)-4.5C,412.0,599.61,45.54
A_dq_var,RandomForest,B2,b2c31,5.6C(26%)-4.5C,425.0,599.61,41.08
A_dq_var,RandomForest,B2,b2c32,4.8C(80%)-4.8C-newstructure,809.0,952.64,17.76
A_dq_var,RandomForest,B2,b2c33,5.2C(58%)-4C-newstructure,1140.0,952.64,16.43
A_dq_var,RandomForest,B2,b2c34,5.6C(26%)-4.5C-newstructure,1186.0,952.64,19.68
A_dq_var,RandomForest,B2,b2c41,5.6C(26%)-4.5C,442.0,599.61,35.66
A_dq_var,RandomForest,B2,b2c42,5.2C(50%)-4.25C,474.0,601.64,26.93
A_dq_var,RandomForest,B2,b2c43,4.8C(80%)-4.8C-newstructure,1029.0,952.64,7.42
A_dq_var,RandomForest,B2,b2c44,5.2C(58%)-4C-newstructure,841.0,952.64,13.28
A_dq_var,RandomForest,B2,b2c45,5.6C(26%)-4.5C-newstructure,997.0,952.64,4.45
A_dq_var,RandomForest,B2,b2c46,4.8C(80%)-4.8C,503.0,601.64,19.61
A_dq_var,RandomForest,B3,b3c0,5C(67%)-4C-newstructure,1009.0,952.64,5.59
A_dq_var,RandomForest,B3,b3c1,5.3C(54%)-4C-newstructure,1063.0,952.64,10.38
A_dq_var,RandomForest,B3,b3c3,5.6C(36%)-4.3C-newstructure,1115.0,952.64,14.56
A_dq_var,RandomForest,B3,b3c4,5.6C(19%)-4.6C-newstructure,1048.0,952.64,9.1
A_dq_var,RandomForest,B3,b3c5,5.6C(36%)-4.3C-newstructure,828.0,952.64,15.05
A_dq_var,RandomForest,B3,b3c6,3.7C(31%)-5.9C-newstructure,667.0,605.76,9.18
A_dq_var,RandomForest,B3,b3c7,4.8C(80%)-4.8C-newstructure,1836.0,952.64,48.11
A_dq_var,RandomForest,B3,b3c8,5C(67%)-4C-newstructure,828.0,952.64,15.05
A_dq_var,RandomForest,B3,b3c9,5.3C(54%)-4C-newstructure,1039.0,862.53,16.98
A_dq_var,RandomForest,B3,b3c10,4.8C(80%)-4.8C-newstructure,1078.0,952.64,11.63
A_dq_var,RandomForest,B3,b3c11,5.6C(19%)-4.6C-newstructure,817.0,849.81,4.02
A_dq_var,RandomForest,B3,b3c12,5.6C(36%)-4.3C-newstructure,932.0,863.94,7.3
A_dq_var,RandomForest,B3,b3c13,5.6C(19%)-4.6C-newstructure,816.0,952.64,16.75
A_dq_var,RandomForest,B3,b3c14,5.6C(36%)-4.3C-newstructure,858.0,862.7,0.55
A_dq_var,RandomForest,B3,b3c15,5.9C(15%)-4.6C-newstructure,876.0,862.7,1.52
A_dq_var,RandomForest,B3,b3c16,4.8C(80%)-4.8C-newstructure,1638.0,952.64,41.84
A_dq_var,RandomForest,B3,b3c17,5.3C(54%)-4C-newstructure,1315.0,952.64,27.56
A_dq_var,RandomForest,B3,b3c18,5.6C(19%)-4.6C-newstructure,1146.0,952.64,16.87
A_dq_var,RandomForest,B3,b3c19,5.6C(36%)-4.3C-newstructure,1155.0,952.64,17.52
A_dq_var,RandomForest,B3,b3c20,5C(67%)-4C-newstructure,813.0,953.68,17.3
A_dq_var,RandomForest,B3,b3c21,3.7C(31%)-5.9C-newstructure,772.0,697.95,9.59
A_dq_var,RandomForest,B3,b3c22,5.9C(60%)-3.1C-newstructure,1002.0,932.45,6.94
A_dq_var,RandomForest,B3,b3c24,5C(67%)-4C-newstructure,825.0,952.64,15.47
A_dq_var,RandomForest,B3,b3c25,5.3C(54%)-4C-newstructure,989.0,952.64,3.68
A_dq_var,RandomForest,B3,b3c26,5.6C(19%)-4.6C-newstructure,1028.0,952.64,7.33
A_dq_var,RandomForest,B3,b3c27,5.6C(36%)-4.3C-newstructure,850.0,952.64,12.08
A_dq_var,RandomForest,B3,b3c28,3.7C(31%)-5.9C-newstructure,541.0,599.98,10.9
A_dq_var,RandomForest,B3,b3c29,5.9C(15%)-4.6C-newstructure,858.0,953.97,11.19
A_dq_var,RandomForest,B3,b3c30,5.3C(54%)-4C-newstructure,935.0,952.64,1.89
A_dq_var,RandomForest,B3,b3c31,5.9C(60%)-3.1C-newstructure,731.0,849.59,16.22
A_dq_var,RandomForest,B3,b3c33,5C(67%)-4C-newstructure,1284.0,952.64,25.81
A_dq_var,RandomForest,B3,b3c34,5.3C(54%)-4C-newstructure,1158.0,952.64,17.73
A_dq_var,RandomForest,B3,b3c35,5.6C(19%)-4.6C-newstructure,1093.0,952.64,12.84
A_dq_var,RandomForest,B3,b3c36,5.6C(36%)-4.3C-newstructure,923.0,952.64,3.21
A_dq_var,RandomForest,B3,b3c38,5C(67%)-4C-newstructure,1935.0,952.64,50.77
A_dq_var,RandomForest,B3,b3c39,5.3C(54%)-4C-newstructure,1156.0,952.64,17.59
A_dq_var,RandomForest,B3,b3c40,5.6C(19%)-4.6C-newstructure,796.0,952.64,19.68
A_dq_var,RandomForest,B3,b3c41,5.6C(36%)-4.3C-newstructure,786.0,952.64,21.2
A_dq_var,RandomForest,B3,b3c44,5.3C(54%)-4C-newstructure,940.0,952.64,1.35
A_dq_var,RandomForest,B3,b3c45,4.8C(80%)-4.8C-newstructure,1801.0,952.64,47.1
A_dq_var,GBM,B2,b2c0,5.2C(58%)-4C,477.0,632.6,32.62
A_dq_var,GBM,B2,b2c1,5.6C(26%)-4.5C,491.0,576.55,17.42
A_dq_var,GBM,B2,b2c2,5.2C(50%)-4.25C,424.0,626.25,47.7
A_dq_var,GBM,B2,b2c3,4.65C(44%)-5C,499.0,632.6,26.77
A_dq_var,GBM,B2,b2c4,4.65C(69%)-6C,444.0,576.55,29.85
A_dq_var,GBM,B2,b2c5,3.6C(30%)-6C,416.0,576.55,38.59
A_dq_var,GBM,B2,b2c6,3.6C(9%)-5C,393.0,632.6,60.97
A_dq_var,GBM,B2,b2c7,4.8C(80%)-4.8C-newstructure,777.0,991.42,27.6
A_dq_var,GBM,B2,b2c8,5.2C(58%)-4C-newstructure,904.0,912.83,0.98
A_dq_var,GBM,B2,b2c9,5.6C(26%)-4.5C-newstructure,791.0,991.42,25.34
A_dq_var,GBM,B2,b2c10,4.8C(80%)-4.8C,492.0,626.25,27.29
A_dq_var,GBM,B2,b2c11,5.2C(50%)-4.25C,449.0,632.6,40.89
A_dq_var,GBM,B2,b2c12,4.65C(44%)-5C,466.0,576.55,23.72
A_dq_var,GBM,B2,b2c13,4.65C(69%)-6C,460.0,576.55,25.34
A_dq_var,GBM,B2,b2c14,3.6C(30%)-6C,426.0,576.55,35.34
A_dq_var,GBM,B2,b2c15,3.6C(9%)-5C,396.0,632.6,59.75
A_dq_var,GBM,B2,b2c16,4.8C(80%)-4.8C,472.0,632.6,34.03
A_dq_var,GBM,B2,b2c17,5.6C(26%)-4.5C,471.0,632.6,34.31
A_dq_var,GBM,B2,b2c18,5.2C(50%)-4.25C,449.0,704.12,56.82
A_dq_var,GBM,B2,b2c19,6C(60%)-3C,392.0,576.55,47.08
A_dq_var,GBM,B2,b2c20,5.2C(58%)-4C,489.0,626.25,28.07
A_dq_var,GBM,B2,b2c21,6C(60%)-3C,408.0,576.55,41.31
A_dq_var,GBM,B2,b2c24,4.8C(80%)-4.8C,514.0,704.12,36.99
A_dq_var,GBM,B2,b2c25,5.2C(58%)-4C,493.0,632.6,28.32
A_dq_var,GBM,B2,b2c26,5.6C(26%)-4.5C,450.0,576.55,28.12
A_dq_var,GBM,B2,b2c27,5.2C(50%)-4.25C,474.0,632.6,33.46
A_dq_var,GBM,B2,b2c28,4.8C(80%)-4.8C,437.0,619.1,41.67
A_dq_var,GBM,B2,b2c29,5.2C(58%)-4C,452.0,632.6,39.96
A_dq_var,GBM,B2,b2c30,5.6C(26%)-4.5C,412.0,576.55,39.94
A_dq_var,GBM,B2,b2c31,5.6C(26%)-4.5C,425.0,576.55,35.66
A_dq_var,GBM,B2,b2c32,4.8C(80%)-4.8C-newstructure,809.0,912.83,12.83
A_dq_var,GBM,B2,b2c33,5.2C(58%)-4C-newstructure,1140.0,991.42,13.03
A_dq_var,GBM,B2,b2c34,5.6C(26%)-4.5C-newstructure,1186.0,991.42,16.41
A_dq_var,GBM,B2,b2c41,5.6C(26%)-4.5C,442.0,576.55,30.44
A_dq_var,GBM,B2,b2c42,5.2C(50%)-4.25C,474.0,632.6,33.46
A_dq_var,GBM,B2,b2c43,4.8C(80%)-4.8C-newstructure,1029.0,991.42,3.65
A_dq_var,GBM,B2,b2c44,5.2C(58%)-4C-newstructure,841.0,991.42,17.89
A_dq_var,GBM,B2,b2c45,5.6C(26%)-4.5C-newstructure,997.0,991.42,0.56
A_dq_var,GBM,B2,b2c46,4.8C(80%)-4.8C,503.0,632.6,25.77
A_dq_var,GBM,B3,b3c0,5C(67%)-4C-newstructure,1009.0,991.42,1.74
A_dq_var,GBM,B3,b3c1,5.3C(54%)-4C-newstructure,1063.0,991.42,6.73
A_dq_var,GBM,B3,b3c3,5.6C(36%)-4.3C-newstructure,1115.0,912.83,18.13
A_dq_var,GBM,B3,b3c4,5.6C(19%)-4.6C-newstructure,1048.0,991.42,5.4
A_dq_var,GBM,B3,b3c5,5.6C(36%)-4.3C-newstructure,828.0,912.83,10.25
A_dq_var,GBM,B3,b3c6,3.7C(31%)-5.9C-newstructure,667.0,632.6,5.16
A_dq_var,GBM,B3,b3c7,4.8C(80%)-4.8C-newstructure,1836.0,991.42,46.0
A_dq_var,GBM,B3,b3c8,5C(67%)-4C-newstructure,828.0,912.83,10.25
A_dq_var,GBM,B3,b3c9,5.3C(54%)-4C-newstructure,1039.0,850.85,18.11
A_dq_var,GBM,B3,b3c10,4.8C(80%)-4.8C-newstructure,1078.0,991.42,8.03
A_dq_var,GBM,B3,b3c11,5.6C(19%)-4.6C-newstructure,817.0,850.85,4.14
A_dq_var,GBM,B3,b3c12,5.6C(36%)-4.3C-newstructure,932.0,850.85,8.71
A_dq_var,GBM,B3,b3c13,5.6C(19%)-4.6C-newstructure,816.0,912.83,11.87
A_dq_var,GBM,B3,b3c14,5.6C(36%)-4.3C-newstructure,858.0,850.85,0.83
A_dq_var,GBM,B3,b3c15,5.9C(15%)-4.6C-newstructure,876.0,850.85,2.87
A_dq_var,GBM,B3,b3c16,4.8C(80%)-4.8C-newstructure,1638.0,991.42,39.47
A_dq_var,GBM,B3,b3c17,5.3C(54%)-4C-newstructure,1315.0,991.42,24.61
A_dq_var,GBM,B3,b3c18,5.6C(19%)-4.6C-newstructure,1146.0,991.42,13.49
A_dq_var,GBM,B3,b3c19,5.6C(36%)-4.3C-newstructure,1155.0,991.42,14.16
A_dq_var,GBM,B3,b3c20,5C(67%)-4C-newstructure,813.0,929.08,14.28
A_dq_var,GBM,B3,b3c21,3.7C(31%)-5.9C-newstructure,772.0,704.12,8.79
A_dq_var,GBM,B3,b3c22,5.9C(60%)-3.1C-newstructure,1002.0,929.08,7.28
A_dq_var,GBM,B3,b3c24,5C(67%)-4C-newstructure,825.0,912.83,10.65
A_dq_var,GBM,B3,b3c25,5.3C(54%)-4C-newstructure,989.0,912.83,7.7
A_dq_var,GBM,B3,b3c26,5.6C(19%)-4.6C-newstructure,1028.0,991.42,3.56
A_dq_var,GBM,B3,b3c27,5.6C(36%)-4.3C-newstructure,850.0,912.83,7.39
A_dq_var,GBM,B3,b3c28,3.7C(31%)-5.9C-newstructure,541.0,626.25,15.76
A_dq_var,GBM,B3,b3c29,5.9C(15%)-4.6C-newstructure,858.0,929.08,8.28
A_dq_var,GBM,B3,b3c30,5.3C(54%)-4C-newstructure,935.0,912.83,2.37
A_dq_var,GBM,B3,b3c31,5.9C(60%)-3.1C-newstructure,731.0,850.85,16.4
A_dq_var,GBM,B3,b3c33,5C(67%)-4C-newstructure,1284.0,991.42,22.79
A_dq_var,GBM,B3,b3c34,5.3C(54%)-4C-newstructure,1158.0,991.42,14.38
A_dq_var,GBM,B3,b3c35,5.6C(19%)-4.6C-newstructure,1093.0,991.42,9.29
A_dq_var,GBM,B3,b3c36,5.6C(36%)-4.3C-newstructure,923.0,991.42,7.41
A_dq_var,GBM,B3,b3c38,5C(67%)-4C-newstructure,1935.0,991.42,48.76
A_dq_var,GBM,B3,b3c39,5.3C(54%)-4C-newstructure,1156.0,991.42,14.24
A_dq_var,GBM,B3,b3c40,5.6C(19%)-4.6C-newstructure,796.0,991.42,24.55
A_dq_var,GBM,B3,b3c41,5.6C(36%)-4.3C-newstructure,786.0,991.42,26.14
A_dq_var,GBM,B3,b3c44,5.3C(54%)-4C-newstructure,940.0,912.83,2.89
A_dq_var,GBM,B3,b3c45,4.8C(80%)-4.8C-newstructure,1801.0,991.42,44.95
B_dq_var+fade,Dummy,B2,b2c0,5.2C(58%)-4C,477.0,774.9,62.45
B_dq_var+fade,Dummy,B2,b2c1,5.6C(26%)-4.5C,491.0,774.9,57.82
B_dq_var+fade,Dummy,B2,b2c2,5.2C(50%)-4.25C,424.0,774.9,82.76
B_dq_var+fade,Dummy,B2,b2c3,4.65C(44%)-5C,499.0,774.9,55.29
B_dq_var+fade,Dummy,B2,b2c4,4.65C(69%)-6C,444.0,774.9,74.53
B_dq_var+fade,Dummy,B2,b2c5,3.6C(30%)-6C,416.0,774.9,86.27
B_dq_var+fade,Dummy,B2,b2c6,3.6C(9%)-5C,393.0,774.9,97.18
B_dq_var+fade,Dummy,B2,b2c7,4.8C(80%)-4.8C-newstructure,777.0,774.9,0.27
B_dq_var+fade,Dummy,B2,b2c8,5.2C(58%)-4C-newstructure,904.0,774.9,14.28
B_dq_var+fade,Dummy,B2,b2c9,5.6C(26%)-4.5C-newstructure,791.0,774.9,2.04
B_dq_var+fade,Dummy,B2,b2c10,4.8C(80%)-4.8C,492.0,774.9,57.5
B_dq_var+fade,Dummy,B2,b2c11,5.2C(50%)-4.25C,449.0,774.9,72.58
B_dq_var+fade,Dummy,B2,b2c12,4.65C(44%)-5C,466.0,774.9,66.29
B_dq_var+fade,Dummy,B2,b2c13,4.65C(69%)-6C,460.0,774.9,68.46
B_dq_var+fade,Dummy,B2,b2c14,3.6C(30%)-6C,426.0,774.9,81.9
B_dq_var+fade,Dummy,B2,b2c15,3.6C(9%)-5C,396.0,774.9,95.68
B_dq_var+fade,Dummy,B2,b2c16,4.8C(80%)-4.8C,472.0,774.9,64.17
B_dq_var+fade,Dummy,B2,b2c17,5.6C(26%)-4.5C,471.0,774.9,64.52
B_dq_var+fade,Dummy,B2,b2c18,5.2C(50%)-4.25C,449.0,774.9,72.58
B_dq_var+fade,Dummy,B2,b2c19,6C(60%)-3C,392.0,774.9,97.68
B_dq_var+fade,Dummy,B2,b2c20,5.2C(58%)-4C,489.0,774.9,58.47
B_dq_var+fade,Dummy,B2,b2c21,6C(60%)-3C,408.0,774.9,89.93
B_dq_var+fade,Dummy,B2,b2c24,4.8C(80%)-4.8C,514.0,774.9,50.76
B_dq_var+fade,Dummy,B2,b2c25,5.2C(58%)-4C,493.0,774.9,57.18
B_dq_var+fade,Dummy,B2,b2c26,5.6C(26%)-4.5C,450.0,774.9,72.2
B_dq_var+fade,Dummy,B2,b2c27,5.2C(50%)-4.25C,474.0,774.9,63.48
B_dq_var+fade,Dummy,B2,b2c28,4.8C(80%)-4.8C,437.0,774.9,77.32
B_dq_var+fade,Dummy,B2,b2c29,5.2C(58%)-4C,452.0,774.9,71.44
B_dq_var+fade,Dummy,B2,b2c30,5.6C(26%)-4.5C,412.0,774.9,88.08
B_dq_var+fade,Dummy,B2,b2c31,5.6C(26%)-4.5C,425.0,774.9,82.33
B_dq_var+fade,Dummy,B2,b2c32,4.8C(80%)-4.8C-newstructure,809.0,774.9,4.21
B_dq_var+fade,Dummy,B2,b2c33,5.2C(58%)-4C-newstructure,1140.0,774.9,32.03
B_dq_var+fade,Dummy,B2,b2c34,5.6C(26%)-4.5C-newstructure,1186.0,774.9,34.66
B_dq_var+fade,Dummy,B2,b2c41,5.6C(26%)-4.5C,442.0,774.9,75.32
B_dq_var+fade,Dummy,B2,b2c42,5.2C(50%)-4.25C,474.0,774.9,63.48
B_dq_var+fade,Dummy,B2,b2c43,4.8C(80%)-4.8C-newstructure,1029.0,774.9,24.69
B_dq_var+fade,Dummy,B2,b2c44,5.2C(58%)-4C-newstructure,841.0,774.9,7.86
B_dq_var+fade,Dummy,B2,b2c45,5.6C(26%)-4.5C-newstructure,997.0,774.9,22.28
B_dq_var+fade,Dummy,B2,b2c46,4.8C(80%)-4.8C,503.0,774.9,54.06
B_dq_var+fade,Dummy,B3,b3c0,5C(67%)-4C-newstructure,1009.0,774.9,23.2
B_dq_var+fade,Dummy,B3,b3c1,5.3C(54%)-4C-newstructure,1063.0,774.9,27.1
B_dq_var+fade,Dummy,B3,b3c3,5.6C(36%)-4.3C-newstructure,1115.0,774.9,30.5
B_dq_var+fade,Dummy,B3,b3c4,5.6C(19%)-4.6C-newstructure,1048.0,774.9,26.06
B_dq_var+fade,Dummy,B3,b3c5,5.6C(36%)-4.3C-newstructure,828.0,774.9,6.41
B_dq_var+fade,Dummy,B3,b3c6,3.7C(31%)-5.9C-newstructure,667.0,774.9,16.18
B_dq_var+fade,Dummy,B3,b3c7,4.8C(80%)-4.8C-newstructure,1836.0,774.9,57.79
B_dq_var+fade,Dummy,B3,b3c8,5C(67%)-4C-newstructure,828.0,774.9,6.41
B_dq_var+fade,Dummy,B3,b3c9,5.3C(54%)-4C-newstructure,1039.0,774.9,25.42
B_dq_var+fade,Dummy,B3,b3c10,4.8C(80%)-4.8C-newstructure,1078.0,774.9,28.12
B_dq_var+fade,Dummy,B3,b3c11,5.6C(19%)-4.6C-newstructure,817.0,774.9,5.15
B_dq_var+fade,Dummy,B3,b3c12,5.6C(36%)-4.3C-newstructure,932.0,774.9,16.86
B_dq_var+fade,Dummy,B3,b3c13,5.6C(19%)-4.6C-newstructure,816.0,774.9,5.04
B_dq_var+fade,Dummy,B3,b3c14,5.6C(36%)-4.3C-newstructure,858.0,774.9,9.69
B_dq_var+fade,Dummy,B3,b3c15,5.9C(15%)-4.6C-newstructure,876.0,774.9,11.54
B_dq_var+fade,Dummy,B3,b3c16,4.8C(80%)-4.8C-newstructure,1638.0,774.9,52.69
B_dq_var+fade,Dummy,B3,b3c17,5.3C(54%)-4C-newstructure,1315.0,774.9,41.07
B_dq_var+fade,Dummy,B3,b3c18,5.6C(19%)-4.6C-newstructure,1146.0,774.9,32.38
B_dq_var+fade,Dummy,B3,b3c19,5.6C(36%)-4.3C-newstructure,1155.0,774.9,32.91
B_dq_var+fade,Dummy,B3,b3c20,5C(67%)-4C-newstructure,813.0,774.9,4.69
B_dq_var+fade,Dummy,B3,b3c21,3.7C(31%)-5.9C-newstructure,772.0,774.9,0.38
B_dq_var+fade,Dummy,B3,b3c22,5.9C(60%)-3.1C-newstructure,1002.0,774.9,22.66
B_dq_var+fade,Dummy,B3,b3c24,5C(67%)-4C-newstructure,825.0,774.9,6.07
B_dq_var+fade,Dummy,B3,b3c25,5.3C(54%)-4C-newstructure,989.0,774.9,21.65
B_dq_var+fade,Dummy,B3,b3c26,5.6C(19%)-4.6C-newstructure,1028.0,774.9,24.62
B_dq_var+fade,Dummy,B3,b3c27,5.6C(36%)-4.3C-newstructure,850.0,774.9,8.84
B_dq_var+fade,Dummy,B3,b3c28,3.7C(31%)-5.9C-newstructure,541.0,774.9,43.23
B_dq_var+fade,Dummy,B3,b3c29,5.9C(15%)-4.6C-newstructure,858.0,774.9,9.69
B_dq_var+fade,Dummy,B3,b3c30,5.3C(54%)-4C-newstructure,935.0,774.9,17.12
B_dq_var+fade,Dummy,B3,b3c31,5.9C(60%)-3.1C-newstructure,731.0,774.9,6.01
B_dq_var+fade,Dummy,B3,b3c33,5C(67%)-4C-newstructure,1284.0,774.9,39.65
B_dq_var+fade,Dummy,B3,b3c34,5.3C(54%)-4C-newstructure,1158.0,774.9,33.08
B_dq_var+fade,Dummy,B3,b3c35,5.6C(19%)-4.6C-newstructure,1093.0,774.9,29.1
B_dq_var+fade,Dummy,B3,b3c36,5.6C(36%)-4.3C-newstructure,923.0,774.9,16.05
B_dq_var+fade,Dummy,B3,b3c38,5C(67%)-4C-newstructure,1935.0,774.9,59.95
B_dq_var+fade,Dummy,B3,b3c39,5.3C(54%)-4C-newstructure,1156.0,774.9,32.97
B_dq_var+fade,Dummy,B3,b3c40,5.6C(19%)-4.6C-newstructure,796.0,774.9,2.65
B_dq_var+fade,Dummy,B3,b3c41,5.6C(36%)-4.3C-newstructure,786.0,774.9,1.41
B_dq_var+fade,Dummy,B3,b3c44,5.3C(54%)-4C-newstructure,940.0,774.9,17.56
B_dq_var+fade,Dummy,B3,b3c45,4.8C(80%)-4.8C-newstructure,1801.0,774.9,56.97
B_dq_var+fade,ElasticNet,B2,b2c0,5.2C(58%)-4C,477.0,639.76,34.12
B_dq_var+fade,ElasticNet,B2,b2c1,5.6C(26%)-4.5C,491.0,567.75,15.63
B_dq_var+fade,ElasticNet,B2,b2c2,5.2C(50%)-4.25C,424.0,628.95,48.34
B_dq_var+fade,ElasticNet,B2,b2c3,4.65C(44%)-5C,499.0,643.4,28.94
B_dq_var+fade,ElasticNet,B2,b2c4,4.65C(69%)-6C,444.0,544.74,22.69
B_dq_var+fade,ElasticNet,B2,b2c5,3.6C(30%)-6C,416.0,496.59,19.37
B_dq_var+fade,ElasticNet,B2,b2c6,3.6C(9%)-5C,393.0,657.27,67.24
B_dq_var+fade,ElasticNet,B2,b2c7,4.8C(80%)-4.8C-newstructure,777.0,1023.43,31.72
B_dq_var+fade,ElasticNet,B2,b2c8,5.2C(58%)-4C-newstructure,904.0,943.26,4.34
B_dq_var+fade,ElasticNet,B2,b2c9,5.6C(26%)-4.5C-newstructure,791.0,1098.92,38.93
B_dq_var+fade,ElasticNet,B2,b2c10,4.8C(80%)-4.8C,492.0,625.25,27.08
B_dq_var+fade,ElasticNet,B2,b2c11,5.2C(50%)-4.25C,449.0,639.01,42.32
B_dq_var+fade,ElasticNet,B2,b2c12,4.65C(44%)-5C,466.0,523.0,12.23
B_dq_var+fade,ElasticNet,B2,b2c13,4.65C(69%)-6C,460.0,584.62,27.09
B_dq_var+fade,ElasticNet,B2,b2c14,3.6C(30%)-6C,426.0,506.93,19.0
B_dq_var+fade,ElasticNet,B2,b2c15,3.6C(9%)-5C,396.0,651.58,64.54
B_dq_var+fade,ElasticNet,B2,b2c16,4.8C(80%)-4.8C,472.0,642.85,36.2
B_dq_var+fade,ElasticNet,B2,b2c17,5.6C(26%)-4.5C,471.0,645.07,36.96
B_dq_var+fade,ElasticNet,B2,b2c18,5.2C(50%)-4.25C,449.0,735.08,63.71
B_dq_var+fade,ElasticNet,B2,b2c19,6C(60%)-3C,392.0,565.57,44.28
B_dq_var+fade,ElasticNet,B2,b2c20,5.2C(58%)-4C,489.0,621.47,27.09
B_dq_var+fade,ElasticNet,B2,b2c21,6C(60%)-3C,408.0,578.1,41.69
B_dq_var+fade,ElasticNet,B2,b2c24,4.8C(80%)-4.8C,514.0,704.9,37.14
B_dq_var+fade,ElasticNet,B2,b2c25,5.2C(58%)-4C,493.0,659.11,33.69
B_dq_var+fade,ElasticNet,B2,b2c26,5.6C(26%)-4.5C,450.0,541.16,20.26
B_dq_var+fade,ElasticNet,B2,b2c27,5.2C(50%)-4.25C,474.0,639.34,34.88
B_dq_var+fade,ElasticNet,B2,b2c28,4.8C(80%)-4.8C,437.0,614.49,40.62
B_dq_var+fade,ElasticNet,B2,b2c29,5.2C(58%)-4C,452.0,648.29,43.43
B_dq_var+fade,ElasticNet,B2,b2c30,5.6C(26%)-4.5C,412.0,528.79,28.35
B_dq_var+fade,ElasticNet,B2,b2c31,5.6C(26%)-4.5C,425.0,587.55,38.25
B_dq_var+fade,ElasticNet,B2,b2c32,4.8C(80%)-4.8C-newstructure,809.0,960.71,18.75
B_dq_var+fade,ElasticNet,B2,b2c33,5.2C(58%)-4C-newstructure,1140.0,1023.41,10.23
B_dq_var+fade,ElasticNet,B2,b2c34,5.6C(26%)-4.5C-newstructure,1186.0,1173.59,1.05
B_dq_var+fade,ElasticNet,B2,b2c41,5.6C(26%)-4.5C,442.0,524.45,18.65
B_dq_var+fade,ElasticNet,B2,b2c42,5.2C(50%)-4.25C,474.0,637.88,34.57
B_dq_var+fade,ElasticNet,B2,b2c43,4.8C(80%)-4.8C-newstructure,1029.0,1049.67,2.01
B_dq_var+fade,ElasticNet,B2,b2c44,5.2C(58%)-4C-newstructure,841.0,1112.95,32.34
B_dq_var+fade,ElasticNet,B2,b2c45,5.6C(26%)-4.5C-newstructure,997.0,987.61,0.94
B_dq_var+fade,ElasticNet,B2,b2c46,4.8C(80%)-4.8C,503.0,648.55,28.94
B_dq_var+fade,ElasticNet,B3,b3c0,5C(67%)-4C-newstructure,1009.0,1032.15,2.29
B_dq_var+fade,ElasticNet,B3,b3c1,5.3C(54%)-4C-newstructure,1063.0,1058.83,0.39
B_dq_var+fade,ElasticNet,B3,b3c3,5.6C(36%)-4.3C-newstructure,1115.0,951.75,14.64
B_dq_var+fade,ElasticNet,B3,b3c4,5.6C(19%)-4.6C-newstructure,1048.0,989.64,5.57
B_dq_var+fade,ElasticNet,B3,b3c5,5.6C(36%)-4.3C-newstructure,828.0,950.44,14.79
B_dq_var+fade,ElasticNet,B3,b3c6,3.7C(31%)-5.9C-newstructure,667.0,655.48,1.73
B_dq_var+fade,ElasticNet,B3,b3c7,4.8C(80%)-4.8C-newstructure,1836.0,1203.71,34.44
B_dq_var+fade,ElasticNet,B3,b3c8,5C(67%)-4C-newstructure,828.0,936.96,13.16
B_dq_var+fade,ElasticNet,B3,b3c9,5.3C(54%)-4C-newstructure,1039.0,874.39,15.84
B_dq_var+fade,ElasticNet,B3,b3c10,4.8C(80%)-4.8C-newstructure,1078.0,1146.33,6.34
B_dq_var+fade,ElasticNet,B3,b3c11,5.6C(19%)-4.6C-newstructure,817.0,822.27,0.65
B_dq_var+fade,ElasticNet,B3,b3c12,5.6C(36%)-4.3C-newstructure,932.0,855.02,8.26
B_dq_var+fade,ElasticNet,B3,b3c13,5.6C(19%)-4.6C-newstructure,816.0,938.54,15.02
B_dq_var+fade,ElasticNet,B3,b3c14,5.6C(36%)-4.3C-newstructure,858.0,884.03,3.03
B_dq_var+fade,ElasticNet,B3,b3c15,5.9C(15%)-4.6C-newstructure,876.0,884.6,0.98
B_dq_var+fade,ElasticNet,B3,b3c16,4.8C(80%)-4.8C-newstructure,1638.0,1370.64,16.32
B_dq_var+fade,ElasticNet,B3,b3c17,5.3C(54%)-4C-newstructure,1315.0,1167.03,11.25
B_dq_var+fade,ElasticNet,B3,b3c18,5.6C(19%)-4.6C-newstructure,1146.0,1037.99,9.42
B_dq_var+fade,ElasticNet,B3,b3c19,5.6C(36%)-4.3C-newstructure,1155.0,985.57,14.67
B_dq_var+fade,ElasticNet,B3,b3c20,5C(67%)-4C-newstructure,813.0,922.03,13.41
B_dq_var+fade,ElasticNet,B3,b3c21,3.7C(31%)-5.9C-newstructure,772.0,733.7,4.96
B_dq_var+fade,ElasticNet,B3,b3c22,5.9C(60%)-3.1C-newstructure,1002.0,910.74,9.11
B_dq_var+fade,ElasticNet,B3,b3c24,5C(67%)-4C-newstructure,825.0,975.25,18.21
B_dq_var+fade,ElasticNet,B3,b3c25,5.3C(54%)-4C-newstructure,989.0,969.91,1.93
B_dq_var+fade,ElasticNet,B3,b3c26,5.6C(19%)-4.6C-newstructure,1028.0,1015.61,1.21
B_dq_var+fade,ElasticNet,B3,b3c27,5.6C(36%)-4.3C-newstructure,850.0,959.9,12.93
B_dq_var+fade,ElasticNet,B3,b3c28,3.7C(31%)-5.9C-newstructure,541.0,625.55,15.63
B_dq_var+fade,ElasticNet,B3,b3c29,5.9C(15%)-4.6C-newstructure,858.0,920.42,7.27
B_dq_var+fade,ElasticNet,B3,b3c30,5.3C(54%)-4C-newstructure,935.0,941.96,0.74
B_dq_var+fade,ElasticNet,B3,b3c31,5.9C(60%)-3.1C-newstructure,731.0,799.09,9.31
B_dq_var+fade,ElasticNet,B3,b3c33,5C(67%)-4C-newstructure,1284.0,1135.2,11.59
B_dq_var+fade,ElasticNet,B3,b3c34,5.3C(54%)-4C-newstructure,1158.0,1072.36,7.4
B_dq_var+fade,ElasticNet,B3,b3c35,5.6C(19%)-4.6C-newstructure,1093.0,1025.49,6.18
B_dq_var+fade,ElasticNet,B3,b3c36,5.6C(36%)-4.3C-newstructure,923.0,1037.6,12.42
B_dq_var+fade,ElasticNet,B3,b3c38,5C(67%)-4C-newstructure,1935.0,1097.27,43.29
B_dq_var+fade,ElasticNet,B3,b3c39,5.3C(54%)-4C-newstructure,1156.0,1178.08,1.91
B_dq_var+fade,ElasticNet,B3,b3c40,5.6C(19%)-4.6C-newstructure,796.0,1065.24,33.82
B_dq_var+fade,ElasticNet,B3,b3c41,5.6C(36%)-4.3C-newstructure,786.0,1015.61,29.21
B_dq_var+fade,ElasticNet,B3,b3c44,5.3C(54%)-4C-newstructure,940.0,960.73,2.21
B_dq_var+fade,ElasticNet,B3,b3c45,4.8C(80%)-4.8C-newstructure,1801.0,1228.35,31.8
B_dq_var+fade,Ridge,B2,b2c0,5.2C(58%)-4C,477.0,685.15,43.64
B_dq_var+fade,Ridge,B2,b2c1,5.6C(26%)-4.5C,491.0,605.4,23.3
B_dq_var+fade,Ridge,B2,b2c2,5.2C(50%)-4.25C,424.0,667.87,57.52
B_dq_var+fade,Ridge,B2,b2c3,4.65C(44%)-5C,499.0,723.4,44.97
B_dq_var+fade,Ridge,B2,b2c4,4.65C(69%)-6C,444.0,571.35,28.68
B_dq_var+fade,Ridge,B2,b2c5,3.6C(30%)-6C,416.0,485.01,16.59
B_dq_var+fade,Ridge,B2,b2c6,3.6C(9%)-5C,393.0,725.64,84.64
B_dq_var+fade,Ridge,B2,b2c7,4.8C(80%)-4.8C-newstructure,777.0,1017.95,31.01
B_dq_var+fade,Ridge,B2,b2c8,5.2C(58%)-4C-newstructure,904.0,877.98,2.88
B_dq_var+fade,Ridge,B2,b2c9,5.6C(26%)-4.5C-newstructure,791.0,997.2,26.07
B_dq_var+fade,Ridge,B2,b2c10,4.8C(80%)-4.8C,492.0,701.86,42.65
B_dq_var+fade,Ridge,B2,b2c11,5.2C(50%)-4.25C,449.0,749.07,66.83
B_dq_var+fade,Ridge,B2,b2c12,4.65C(44%)-5C,466.0,597.73,28.27
B_dq_var+fade,Ridge,B2,b2c13,4.65C(69%)-6C,460.0,630.39,37.04
B_dq_var+fade,Ridge,B2,b2c14,3.6C(30%)-6C,426.0,526.55,23.6
B_dq_var+fade,Ridge,B2,b2c15,3.6C(9%)-5C,396.0,738.38,86.46
B_dq_var+fade,Ridge,B2,b2c16,4.8C(80%)-4.8C,472.0,670.58,42.07
B_dq_var+fade,Ridge,B2,b2c17,5.6C(26%)-4.5C,471.0,705.23,49.73
B_dq_var+fade,Ridge,B2,b2c18,5.2C(50%)-4.25C,449.0,823.07,83.31
B_dq_var+fade,Ridge,B2,b2c19,6C(60%)-3C,392.0,624.62,59.34
B_dq_var+fade,Ridge,B2,b2c20,5.2C(58%)-4C,489.0,679.26,38.91
B_dq_var+fade,Ridge,B2,b2c21,6C(60%)-3C,408.0,648.46,58.94
B_dq_var+fade,Ridge,B2,b2c24,4.8C(80%)-4.8C,514.0,755.2,46.93
B_dq_var+fade,Ridge,B2,b2c25,5.2C(58%)-4C,493.0,715.47,45.13
B_dq_var+fade,Ridge,B2,b2c26,5.6C(26%)-4.5C,450.0,594.21,32.05
B_dq_var+fade,Ridge,B2,b2c27,5.2C(50%)-4.25C,474.0,724.96,52.95
B_dq_var+fade,Ridge,B2,b2c28,4.8C(80%)-4.8C,437.0,685.8,56.93
B_dq_var+fade,Ridge,B2,b2c29,5.2C(58%)-4C,452.0,750.12,65.96
B_dq_var+fade,Ridge,B2,b2c30,5.6C(26%)-4.5C,412.0,548.39,33.1
B_dq_var+fade,Ridge,B2,b2c31,5.6C(26%)-4.5C,425.0,660.64,55.44
B_dq_var+fade,Ridge,B2,b2c32,4.8C(80%)-4.8C-newstructure,809.0,874.2,8.06
B_dq_var+fade,Ridge,B2,b2c33,5.2C(58%)-4C-newstructure,1140.0,873.92,23.34
B_dq_var+fade,Ridge,B2,b2c34,5.6C(26%)-4.5C-newstructure,1186.0,1027.95,13.33
B_dq_var+fade,Ridge,B2,b2c41,5.6C(26%)-4.5C,442.0,596.63,34.98
B_dq_var+fade,Ridge,B2,b2c42,5.2C(50%)-4.25C,474.0,725.41,53.04
B_dq_var+fade,Ridge,B2,b2c43,4.8C(80%)-4.8C-newstructure,1029.0,931.6,9.47
B_dq_var+fade,Ridge,B2,b2c44,5.2C(58%)-4C-newstructure,841.0,1014.81,20.67
B_dq_var+fade,Ridge,B2,b2c45,5.6C(26%)-4.5C-newstructure,997.0,888.11,10.92
B_dq_var+fade,Ridge,B2,b2c46,4.8C(80%)-4.8C,503.0,697.58,38.68
B_dq_var+fade,Ridge,B3,b3c0,5C(67%)-4C-newstructure,1009.0,968.58,4.01
B_dq_var+fade,Ridge,B3,b3c1,5.3C(54%)-4C-newstructure,1063.0,981.66,7.65
B_dq_var+fade,Ridge,B3,b3c3,5.6C(36%)-4.3C-newstructure,1115.0,907.15,18.64
B_dq_var+fade,Ridge,B3,b3c4,5.6C(19%)-4.6C-newstructure,1048.0,940.38,10.27
B_dq_var+fade,Ridge,B3,b3c5,5.6C(36%)-4.3C-newstructure,828.0,904.31,9.22
B_dq_var+fade,Ridge,B3,b3c6,3.7C(31%)-5.9C-newstructure,667.0,591.85,11.27
B_dq_var+fade,Ridge,B3,b3c7,4.8C(80%)-4.8C-newstructure,1836.0,1093.19,40.46
B_dq_var+fade,Ridge,B3,b3c8,5C(67%)-4C-newstructure,828.0,900.62,8.77
B_dq_var+fade,Ridge,B3,b3c9,5.3C(54%)-4C-newstructure,1039.0,857.38,17.48
B_dq_var+fade,Ridge,B3,b3c10,4.8C(80%)-4.8C-newstructure,1078.0,1053.01,2.32
B_dq_var+fade,Ridge,B3,b3c11,5.6C(19%)-4.6C-newstructure,817.0,807.18,1.2
B_dq_var+fade,Ridge,B3,b3c12,5.6C(36%)-4.3C-newstructure,932.0,839.45,9.93
B_dq_var+fade,Ridge,B3,b3c13,5.6C(19%)-4.6C-newstructure,816.0,894.78,9.65
B_dq_var+fade,Ridge,B3,b3c14,5.6C(36%)-4.3C-newstructure,858.0,865.72,0.9
B_dq_var+fade,Ridge,B3,b3c15,5.9C(15%)-4.6C-newstructure,876.0,857.72,2.09
B_dq_var+fade,Ridge,B3,b3c16,4.8C(80%)-4.8C-newstructure,1638.0,1199.73,26.76
B_dq_var+fade,Ridge,B3,b3c17,5.3C(54%)-4C-newstructure,1315.0,1075.3,18.23
B_dq_var+fade,Ridge,B3,b3c18,5.6C(19%)-4.6C-newstructure,1146.0,957.57,16.44
B_dq_var+fade,Ridge,B3,b3c19,5.6C(36%)-4.3C-newstructure,1155.0,920.61,20.29
B_dq_var+fade,Ridge,B3,b3c20,5C(67%)-4C-newstructure,813.0,888.54,9.29
B_dq_var+fade,Ridge,B3,b3c21,3.7C(31%)-5.9C-newstructure,772.0,664.15,13.97
B_dq_var+fade,Ridge,B3,b3c22,5.9C(60%)-3.1C-newstructure,1002.0,874.49,12.73
B_dq_var+fade,Ridge,B3,b3c24,5C(67%)-4C-newstructure,825.0,938.27,13.73
B_dq_var+fade,Ridge,B3,b3c25,5.3C(54%)-4C-newstructure,989.0,932.4,5.72
B_dq_var+fade,Ridge,B3,b3c26,5.6C(19%)-4.6C-newstructure,1028.0,960.76,6.54
B_dq_var+fade,Ridge,B3,b3c27,5.6C(36%)-4.3C-newstructure,850.0,917.43,7.93
B_dq_var+fade,Ridge,B3,b3c28,3.7C(31%)-5.9C-newstructure,541.0,570.31,5.42
B_dq_var+fade,Ridge,B3,b3c29,5.9C(15%)-4.6C-newstructure,858.0,892.19,3.98
B_dq_var+fade,Ridge,B3,b3c30,5.3C(54%)-4C-newstructure,935.0,905.32,3.17
B_dq_var+fade,Ridge,B3,b3c31,5.9C(60%)-3.1C-newstructure,731.0,794.69,8.71
B_dq_var+fade,Ridge,B3,b3c33,5C(67%)-4C-newstructure,1284.0,1038.03,19.16
B_dq_var+fade,Ridge,B3,b3c34,5.3C(54%)-4C-newstructure,1158.0,986.73,14.79
B_dq_var+fade,Ridge,B3,b3c35,5.6C(19%)-4.6C-newstructure,1093.0,955.86,12.55
B_dq_var+fade,Ridge,B3,b3c36,5.6C(36%)-4.3C-newstructure,923.0,960.44,4.06
B_dq_var+fade,Ridge,B3,b3c38,5C(67%)-4C-newstructure,1935.0,1015.37,47.53
B_dq_var+fade,Ridge,B3,b3c39,5.3C(54%)-4C-newstructure,1156.0,1068.69,7.55
B_dq_var+fade,Ridge,B3,b3c40,5.6C(19%)-4.6C-newstructure,796.0,988.43,24.17
B_dq_var+fade,Ridge,B3,b3c41,5.6C(36%)-4.3C-newstructure,786.0,968.07,23.16
B_dq_var+fade,Ridge,B3,b3c44,5.3C(54%)-4C-newstructure,940.0,923.36,1.77
B_dq_var+fade,Ridge,B3,b3c45,4.8C(80%)-4.8C-newstructure,1801.0,1114.62,38.11
B_dq_var+fade,RandomForest,B2,b2c0,5.2C(58%)-4C,477.0,604.95,26.82
B_dq_var+fade,RandomForest,B2,b2c1,5.6C(26%)-4.5C,491.0,600.87,22.38
B_dq_var+fade,RandomForest,B2,b2c2,5.2C(50%)-4.25C,424.0,603.27,42.28
B_dq_var+fade,RandomForest,B2,b2c3,4.65C(44%)-5C,499.0,604.95,21.23
B_dq_var+fade,RandomForest,B2,b2c4,4.65C(69%)-6C,444.0,597.03,34.47
B_dq_var+fade,RandomForest,B2,b2c5,3.6C(30%)-6C,416.0,597.03,43.52
B_dq_var+fade,RandomForest,B2,b2c6,3.6C(9%)-5C,393.0,626.28,59.36
B_dq_var+fade,RandomForest,B2,b2c7,4.8C(80%)-4.8C-newstructure,777.0,904.53,16.41
B_dq_var+fade,RandomForest,B2,b2c8,5.2C(58%)-4C-newstructure,904.0,973.0,7.63
B_dq_var+fade,RandomForest,B2,b2c9,5.6C(26%)-4.5C-newstructure,791.0,973.0,23.01
B_dq_var+fade,RandomForest,B2,b2c10,4.8C(80%)-4.8C,492.0,603.27,22.62
B_dq_var+fade,RandomForest,B2,b2c11,5.2C(50%)-4.25C,449.0,604.95,34.73
B_dq_var+fade,RandomForest,B2,b2c12,4.65C(44%)-5C,466.0,601.76,29.13
B_dq_var+fade,RandomForest,B2,b2c13,4.65C(69%)-6C,460.0,601.76,30.82
B_dq_var+fade,RandomForest,B2,b2c14,3.6C(30%)-6C,426.0,597.03,40.15
B_dq_var+fade,RandomForest,B2,b2c15,3.6C(9%)-5C,396.0,604.95,52.77
B_dq_var+fade,RandomForest,B2,b2c16,4.8C(80%)-4.8C,472.0,605.04,28.19
B_dq_var+fade,RandomForest,B2,b2c17,5.6C(26%)-4.5C,471.0,604.95,28.44
B_dq_var+fade,RandomForest,B2,b2c18,5.2C(50%)-4.25C,449.0,678.58,51.13
B_dq_var+fade,RandomForest,B2,b2c19,6C(60%)-3C,392.0,601.76,53.51
B_dq_var+fade,RandomForest,B2,b2c20,5.2C(58%)-4C,489.0,603.27,23.37
B_dq_var+fade,RandomForest,B2,b2c21,6C(60%)-3C,408.0,601.76,47.49
B_dq_var+fade,RandomForest,B2,b2c24,4.8C(80%)-4.8C,514.0,709.45,38.02
B_dq_var+fade,RandomForest,B2,b2c25,5.2C(58%)-4C,493.0,626.59,27.1
B_dq_var+fade,RandomForest,B2,b2c26,5.6C(26%)-4.5C,450.0,601.76,33.72
B_dq_var+fade,RandomForest,B2,b2c27,5.2C(50%)-4.25C,474.0,604.95,27.63
B_dq_var+fade,RandomForest,B2,b2c28,4.8C(80%)-4.8C,437.0,602.92,37.97
B_dq_var+fade,RandomForest,B2,b2c29,5.2C(58%)-4C,452.0,604.95,33.84
B_dq_var+fade,RandomForest,B2,b2c30,5.6C(26%)-4.5C,412.0,597.03,44.91
B_dq_var+fade,RandomForest,B2,b2c31,5.6C(26%)-4.5C,425.0,601.76,41.59
B_dq_var+fade,RandomForest,B2,b2c32,4.8C(80%)-4.8C-newstructure,809.0,973.0,20.27
B_dq_var+fade,RandomForest,B2,b2c33,5.2C(58%)-4C-newstructure,1140.0,973.0,14.65
B_dq_var+fade,RandomForest,B2,b2c34,5.6C(26%)-4.5C-newstructure,1186.0,973.0,17.96
B_dq_var+fade,RandomForest,B2,b2c41,5.6C(26%)-4.5C,442.0,601.76,36.14
B_dq_var+fade,RandomForest,B2,b2c42,5.2C(50%)-4.25C,474.0,604.95,27.63
B_dq_var+fade,RandomForest,B2,b2c43,4.8C(80%)-4.8C-newstructure,1029.0,973.0,5.44
B_dq_var+fade,RandomForest,B2,b2c44,5.2C(58%)-4C-newstructure,841.0,973.0,15.7
B_dq_var+fade,RandomForest,B2,b2c45,5.6C(26%)-4.5C-newstructure,997.0,973.0,2.41
B_dq_var+fade,RandomForest,B2,b2c46,4.8C(80%)-4.8C,503.0,604.95,20.27
B_dq_var+fade,RandomForest,B3,b3c0,5C(67%)-4C-newstructure,1009.0,974.69,3.4
B_dq_var+fade,RandomForest,B3,b3c1,5.3C(54%)-4C-newstructure,1063.0,973.0,8.47
B_dq_var+fade,RandomForest,B3,b3c3,5.6C(36%)-4.3C-newstructure,1115.0,973.0,12.74
B_dq_var+fade,RandomForest,B3,b3c4,5.6C(19%)-4.6C-newstructure,1048.0,971.81,7.27
B_dq_var+fade,RandomForest,B3,b3c5,5.6C(36%)-4.3C-newstructure,828.0,973.0,17.51
B_dq_var+fade,RandomForest,B3,b3c6,3.7C(31%)-5.9C-newstructure,667.0,605.32,9.25
B_dq_var+fade,RandomForest,B3,b3c7,4.8C(80%)-4.8C-newstructure,1836.0,972.3,47.04
B_dq_var+fade,RandomForest,B3,b3c8,5C(67%)-4C-newstructure,828.0,974.43,17.69
B_dq_var+fade,RandomForest,B3,b3c9,5.3C(54%)-4C-newstructure,1039.0,882.06,15.11
B_dq_var+fade,RandomForest,B3,b3c10,4.8C(80%)-4.8C-newstructure,1078.0,972.3,9.81
B_dq_var+fade,RandomForest,B3,b3c11,5.6C(19%)-4.6C-newstructure,817.0,856.23,4.8
B_dq_var+fade,RandomForest,B3,b3c12,5.6C(36%)-4.3C-newstructure,932.0,890.61,4.44
B_dq_var+fade,RandomForest,B3,b3c13,5.6C(19%)-4.6C-newstructure,816.0,973.0,19.24
B_dq_var+fade,RandomForest,B3,b3c14,5.6C(36%)-4.3C-newstructure,858.0,881.76,2.77
B_dq_var+fade,RandomForest,B3,b3c15,5.9C(15%)-4.6C-newstructure,876.0,886.44,1.19
B_dq_var+fade,RandomForest,B3,b3c16,4.8C(80%)-4.8C-newstructure,1638.0,973.33,40.58
B_dq_var+fade,RandomForest,B3,b3c17,5.3C(54%)-4C-newstructure,1315.0,962.52,26.8
B_dq_var+fade,RandomForest,B3,b3c18,5.6C(19%)-4.6C-newstructure,1146.0,973.0,15.1
B_dq_var+fade,RandomForest,B3,b3c19,5.6C(36%)-4.3C-newstructure,1155.0,973.0,15.76
B_dq_var+fade,RandomForest,B3,b3c20,5C(67%)-4C-newstructure,813.0,977.16,20.19
B_dq_var+fade,RandomForest,B3,b3c21,3.7C(31%)-5.9C-newstructure,772.0,686.33,11.1
B_dq_var+fade,RandomForest,B3,b3c22,5.9C(60%)-3.1C-newstructure,1002.0,958.31,4.36
B_dq_var+fade,RandomForest,B3,b3c24,5C(67%)-4C-newstructure,825.0,961.94,16.6
B_dq_var+fade,RandomForest,B3,b3c25,5.3C(54%)-4C-newstructure,989.0,980.81,0.83
B_dq_var+fade,RandomForest,B3,b3c26,5.6C(19%)-4.6C-newstructure,1028.0,980.39,4.63
B_dq_var+fade,RandomForest,B3,b3c27,5.6C(36%)-4.3C-newstructure,850.0,974.43,14.64
B_dq_var+fade,RandomForest,B3,b3c28,3.7C(31%)-5.9C-newstructure,541.0,598.6,10.65
B_dq_var+fade,RandomForest,B3,b3c29,5.9C(15%)-4.6C-newstructure,858.0,986.75,15.01
B_dq_var+fade,RandomForest,B3,b3c30,5.3C(54%)-4C-newstructure,935.0,971.81,3.94
B_dq_var+fade,RandomForest,B3,b3c31,5.9C(60%)-3.1C-newstructure,731.0,866.61,18.55
B_dq_var+fade,RandomForest,B3,b3c33,5C(67%)-4C-newstructure,1284.0,973.0,24.22
B_dq_var+fade,RandomForest,B3,b3c34,5.3C(54%)-4C-newstructure,1158.0,973.0,15.98
B_dq_var+fade,RandomForest,B3,b3c35,5.6C(19%)-4.6C-newstructure,1093.0,973.0,10.98
B_dq_var+fade,RandomForest,B3,b3c36,5.6C(36%)-4.3C-newstructure,923.0,973.0,5.42
B_dq_var+fade,RandomForest,B3,b3c38,5C(67%)-4C-newstructure,1935.0,974.69,49.63
B_dq_var+fade,RandomForest,B3,b3c39,5.3C(54%)-4C-newstructure,1156.0,973.33,15.8
B_dq_var+fade,RandomForest,B3,b3c40,5.6C(19%)-4.6C-newstructure,796.0,973.0,22.24
B_dq_var+fade,RandomForest,B3,b3c41,5.6C(36%)-4.3C-newstructure,786.0,961.94,22.38
B_dq_var+fade,RandomForest,B3,b3c44,5.3C(54%)-4C-newstructure,940.0,981.93,4.46
B_dq_var+fade,RandomForest,B3,b3c45,4.8C(80%)-4.8C-newstructure,1801.0,981.93,45.48
B_dq_var+fade,GBM,B2,b2c0,5.2C(58%)-4C,477.0,612.89,28.49
B_dq_var+fade,GBM,B2,b2c1,5.6C(26%)-4.5C,491.0,602.76,22.76
B_dq_var+fade,GBM,B2,b2c2,5.2C(50%)-4.25C,424.0,628.49,48.23
B_dq_var+fade,GBM,B2,b2c3,4.65C(44%)-5C,499.0,576.04,15.44
B_dq_var+fade,GBM,B2,b2c4,4.65C(69%)-6C,444.0,602.76,35.76
B_dq_var+fade,GBM,B2,b2c5,3.6C(30%)-6C,416.0,583.72,40.32
B_dq_var+fade,GBM,B2,b2c6,3.6C(9%)-5C,393.0,576.04,46.58
B_dq_var+fade,GBM,B2,b2c7,4.8C(80%)-4.8C-newstructure,777.0,886.49,14.09
B_dq_var+fade,GBM,B2,b2c8,5.2C(58%)-4C-newstructure,904.0,930.08,2.89
B_dq_var+fade,GBM,B2,b2c9,5.6C(26%)-4.5C-newstructure,791.0,977.06,23.52
B_dq_var+fade,GBM,B2,b2c10,4.8C(80%)-4.8C,492.0,570.23,15.9
B_dq_var+fade,GBM,B2,b2c11,5.2C(50%)-4.25C,449.0,576.04,28.29
B_dq_var+fade,GBM,B2,b2c12,4.65C(44%)-5C,466.0,546.88,17.36
B_dq_var+fade,GBM,B2,b2c13,4.65C(69%)-6C,460.0,602.76,31.03
B_dq_var+fade,GBM,B2,b2c14,3.6C(30%)-6C,426.0,583.72,37.02
B_dq_var+fade,GBM,B2,b2c15,3.6C(9%)-5C,396.0,576.04,45.47
B_dq_var+fade,GBM,B2,b2c16,4.8C(80%)-4.8C,472.0,634.9,34.51
B_dq_var+fade,GBM,B2,b2c17,5.6C(26%)-4.5C,471.0,576.04,22.3
B_dq_var+fade,GBM,B2,b2c18,5.2C(50%)-4.25C,449.0,639.84,42.5
B_dq_var+fade,GBM,B2,b2c19,6C(60%)-3C,392.0,581.87,48.44
B_dq_var+fade,GBM,B2,b2c20,5.2C(58%)-4C,489.0,570.23,16.61
B_dq_var+fade,GBM,B2,b2c21,6C(60%)-3C,408.0,546.88,34.04
B_dq_var+fade,GBM,B2,b2c24,4.8C(80%)-4.8C,514.0,639.84,24.48
B_dq_var+fade,GBM,B2,b2c25,5.2C(58%)-4C,493.0,576.04,16.84
B_dq_var+fade,GBM,B2,b2c26,5.6C(26%)-4.5C,450.0,602.76,33.95
B_dq_var+fade,GBM,B2,b2c27,5.2C(50%)-4.25C,474.0,576.04,21.53
B_dq_var+fade,GBM,B2,b2c28,4.8C(80%)-4.8C,437.0,565.17,29.33
B_dq_var+fade,GBM,B2,b2c29,5.2C(58%)-4C,452.0,576.04,27.44
B_dq_var+fade,GBM,B2,b2c30,5.6C(26%)-4.5C,412.0,583.72,41.68
B_dq_var+fade,GBM,B2,b2c31,5.6C(26%)-4.5C,425.0,546.88,28.68
B_dq_var+fade,GBM,B2,b2c32,4.8C(80%)-4.8C-newstructure,809.0,900.71,11.34
B_dq_var+fade,GBM,B2,b2c33,5.2C(58%)-4C-newstructure,1140.0,946.2,17.0
B_dq_var+fade,GBM,B2,b2c34,5.6C(26%)-4.5C-newstructure,1186.0,977.06,17.62
B_dq_var+fade,GBM,B2,b2c41,5.6C(26%)-4.5C,442.0,546.88,23.73
B_dq_var+fade,GBM,B2,b2c42,5.2C(50%)-4.25C,474.0,576.04,21.53
B_dq_var+fade,GBM,B2,b2c43,4.8C(80%)-4.8C-newstructure,1029.0,946.2,8.05
B_dq_var+fade,GBM,B2,b2c44,5.2C(58%)-4C-newstructure,841.0,977.06,16.18
B_dq_var+fade,GBM,B2,b2c45,5.6C(26%)-4.5C-newstructure,997.0,946.2,5.1
B_dq_var+fade,GBM,B2,b2c46,4.8C(80%)-4.8C,503.0,576.04,14.52
B_dq_var+fade,GBM,B3,b3c0,5C(67%)-4C-newstructure,1009.0,977.06,3.17
B_dq_var+fade,GBM,B3,b3c1,5.3C(54%)-4C-newstructure,1063.0,977.06,8.08
B_dq_var+fade,GBM,B3,b3c3,5.6C(36%)-4.3C-newstructure,1115.0,930.08,16.58
B_dq_var+fade,GBM,B3,b3c4,5.6C(19%)-4.6C-newstructure,1048.0,977.06,6.77
B_dq_var+fade,GBM,B3,b3c5,5.6C(36%)-4.3C-newstructure,828.0,930.08,12.33
B_dq_var+fade,GBM,B3,b3c6,3.7C(31%)-5.9C-newstructure,667.0,614.84,7.82
B_dq_var+fade,GBM,B3,b3c7,4.8C(80%)-4.8C-newstructure,1836.0,977.06,46.78
B_dq_var+fade,GBM,B3,b3c8,5C(67%)-4C-newstructure,828.0,930.08,12.33
B_dq_var+fade,GBM,B3,b3c9,5.3C(54%)-4C-newstructure,1039.0,868.68,16.39
B_dq_var+fade,GBM,B3,b3c10,4.8C(80%)-4.8C-newstructure,1078.0,977.06,9.36
B_dq_var+fade,GBM,B3,b3c11,5.6C(19%)-4.6C-newstructure,817.0,850.28,4.07
B_dq_var+fade,GBM,B3,b3c12,5.6C(36%)-4.3C-newstructure,932.0,868.68,6.79
B_dq_var+fade,GBM,B3,b3c13,5.6C(19%)-4.6C-newstructure,816.0,930.08,13.98
B_dq_var+fade,GBM,B3,b3c14,5.6C(36%)-4.3C-newstructure,858.0,868.68,1.24
B_dq_var+fade,GBM,B3,b3c15,5.9C(15%)-4.6C-newstructure,876.0,868.68,0.84
B_dq_var+fade,GBM,B3,b3c16,4.8C(80%)-4.8C-newstructure,1638.0,977.06,40.35
B_dq_var+fade,GBM,B3,b3c17,5.3C(54%)-4C-newstructure,1315.0,977.06,25.7
B_dq_var+fade,GBM,B3,b3c18,5.6C(19%)-4.6C-newstructure,1146.0,977.06,14.74
B_dq_var+fade,GBM,B3,b3c19,5.6C(36%)-4.3C-newstructure,1155.0,977.06,15.41
B_dq_var+fade,GBM,B3,b3c20,5C(67%)-4C-newstructure,813.0,930.08,14.4
B_dq_var+fade,GBM,B3,b3c21,3.7C(31%)-5.9C-newstructure,772.0,682.94,11.54
B_dq_var+fade,GBM,B3,b3c22,5.9C(60%)-3.1C-newstructure,1002.0,930.08,7.18
B_dq_var+fade,GBM,B3,b3c24,5C(67%)-4C-newstructure,825.0,930.08,12.74
B_dq_var+fade,GBM,B3,b3c25,5.3C(54%)-4C-newstructure,989.0,930.08,5.96
B_dq_var+fade,GBM,B3,b3c26,5.6C(19%)-4.6C-newstructure,1028.0,977.06,4.96
B_dq_var+fade,GBM,B3,b3c27,5.6C(36%)-4.3C-newstructure,850.0,930.08,9.42
B_dq_var+fade,GBM,B3,b3c28,3.7C(31%)-5.9C-newstructure,541.0,608.64,12.5
B_dq_var+fade,GBM,B3,b3c29,5.9C(15%)-4.6C-newstructure,858.0,930.08,8.4
B_dq_var+fade,GBM,B3,b3c30,5.3C(54%)-4C-newstructure,935.0,930.08,0.53
B_dq_var+fade,GBM,B3,b3c31,5.9C(60%)-3.1C-newstructure,731.0,850.28,16.32
B_dq_var+fade,GBM,B3,b3c33,5C(67%)-4C-newstructure,1284.0,977.06,23.91
B_dq_var+fade,GBM,B3,b3c34,5.3C(54%)-4C-newstructure,1158.0,977.06,15.63
B_dq_var+fade,GBM,B3,b3c35,5.6C(19%)-4.6C-newstructure,1093.0,977.06,10.61
B_dq_var+fade,GBM,B3,b3c36,5.6C(36%)-4.3C-newstructure,923.0,977.06,5.86
B_dq_var+fade,GBM,B3,b3c38,5C(67%)-4C-newstructure,1935.0,977.06,49.51
B_dq_var+fade,GBM,B3,b3c39,5.3C(54%)-4C-newstructure,1156.0,977.06,15.48
B_dq_var+fade,GBM,B3,b3c40,5.6C(19%)-4.6C-newstructure,796.0,977.06,22.75
B_dq_var+fade,GBM,B3,b3c41,5.6C(36%)-4.3C-newstructure,786.0,977.06,24.31
B_dq_var+fade,GBM,B3,b3c44,5.3C(54%)-4C-newstructure,940.0,930.08,1.06
B_dq_var+fade,GBM,B3,b3c45,4.8C(80%)-4.8C-newstructure,1801.0,977.06,45.75
C_dq_min,Dummy,B2,b2c0,5.2C(58%)-4C,477.0,774.9,62.45
C_dq_min,Dummy,B2,b2c1,5.6C(26%)-4.5C,491.0,774.9,57.82
C_dq_min,Dummy,B2,b2c2,5.2C(50%)-4.25C,424.0,774.9,82.76
C_dq_min,Dummy,B2,b2c3,4.65C(44%)-5C,499.0,774.9,55.29
C_dq_min,Dummy,B2,b2c4,4.65C(69%)-6C,444.0,774.9,74.53
C_dq_min,Dummy,B2,b2c5,3.6C(30%)-6C,416.0,774.9,86.27
C_dq_min,Dummy,B2,b2c6,3.6C(9%)-5C,393.0,774.9,97.18
C_dq_min,Dummy,B2,b2c7,4.8C(80%)-4.8C-newstructure,777.0,774.9,0.27
C_dq_min,Dummy,B2,b2c8,5.2C(58%)-4C-newstructure,904.0,774.9,14.28
C_dq_min,Dummy,B2,b2c9,5.6C(26%)-4.5C-newstructure,791.0,774.9,2.04
C_dq_min,Dummy,B2,b2c10,4.8C(80%)-4.8C,492.0,774.9,57.5
C_dq_min,Dummy,B2,b2c11,5.2C(50%)-4.25C,449.0,774.9,72.58
C_dq_min,Dummy,B2,b2c12,4.65C(44%)-5C,466.0,774.9,66.29
C_dq_min,Dummy,B2,b2c13,4.65C(69%)-6C,460.0,774.9,68.46
C_dq_min,Dummy,B2,b2c14,3.6C(30%)-6C,426.0,774.9,81.9
C_dq_min,Dummy,B2,b2c15,3.6C(9%)-5C,396.0,774.9,95.68
C_dq_min,Dummy,B2,b2c16,4.8C(80%)-4.8C,472.0,774.9,64.17
C_dq_min,Dummy,B2,b2c17,5.6C(26%)-4.5C,471.0,774.9,64.52
C_dq_min,Dummy,B2,b2c18,5.2C(50%)-4.25C,449.0,774.9,72.58
C_dq_min,Dummy,B2,b2c19,6C(60%)-3C,392.0,774.9,97.68
C_dq_min,Dummy,B2,b2c20,5.2C(58%)-4C,489.0,774.9,58.47
C_dq_min,Dummy,B2,b2c21,6C(60%)-3C,408.0,774.9,89.93
C_dq_min,Dummy,B2,b2c24,4.8C(80%)-4.8C,514.0,774.9,50.76
C_dq_min,Dummy,B2,b2c25,5.2C(58%)-4C,493.0,774.9,57.18
C_dq_min,Dummy,B2,b2c26,5.6C(26%)-4.5C,450.0,774.9,72.2
C_dq_min,Dummy,B2,b2c27,5.2C(50%)-4.25C,474.0,774.9,63.48
C_dq_min,Dummy,B2,b2c28,4.8C(80%)-4.8C,437.0,774.9,77.32
C_dq_min,Dummy,B2,b2c29,5.2C(58%)-4C,452.0,774.9,71.44
C_dq_min,Dummy,B2,b2c30,5.6C(26%)-4.5C,412.0,774.9,88.08
C_dq_min,Dummy,B2,b2c31,5.6C(26%)-4.5C,425.0,774.9,82.33
C_dq_min,Dummy,B2,b2c32,4.8C(80%)-4.8C-newstructure,809.0,774.9,4.21
C_dq_min,Dummy,B2,b2c33,5.2C(58%)-4C-newstructure,1140.0,774.9,32.03
C_dq_min,Dummy,B2,b2c34,5.6C(26%)-4.5C-newstructure,1186.0,774.9,34.66
C_dq_min,Dummy,B2,b2c41,5.6C(26%)-4.5C,442.0,774.9,75.32
C_dq_min,Dummy,B2,b2c42,5.2C(50%)-4.25C,474.0,774.9,63.48
C_dq_min,Dummy,B2,b2c43,4.8C(80%)-4.8C-newstructure,1029.0,774.9,24.69
C_dq_min,Dummy,B2,b2c44,5.2C(58%)-4C-newstructure,841.0,774.9,7.86
C_dq_min,Dummy,B2,b2c45,5.6C(26%)-4.5C-newstructure,997.0,774.9,22.28
C_dq_min,Dummy,B2,b2c46,4.8C(80%)-4.8C,503.0,774.9,54.06
C_dq_min,Dummy,B3,b3c0,5C(67%)-4C-newstructure,1009.0,774.9,23.2
C_dq_min,Dummy,B3,b3c1,5.3C(54%)-4C-newstructure,1063.0,774.9,27.1
C_dq_min,Dummy,B3,b3c3,5.6C(36%)-4.3C-newstructure,1115.0,774.9,30.5
C_dq_min,Dummy,B3,b3c4,5.6C(19%)-4.6C-newstructure,1048.0,774.9,26.06
C_dq_min,Dummy,B3,b3c5,5.6C(36%)-4.3C-newstructure,828.0,774.9,6.41
C_dq_min,Dummy,B3,b3c6,3.7C(31%)-5.9C-newstructure,667.0,774.9,16.18
C_dq_min,Dummy,B3,b3c7,4.8C(80%)-4.8C-newstructure,1836.0,774.9,57.79
C_dq_min,Dummy,B3,b3c8,5C(67%)-4C-newstructure,828.0,774.9,6.41
C_dq_min,Dummy,B3,b3c9,5.3C(54%)-4C-newstructure,1039.0,774.9,25.42
C_dq_min,Dummy,B3,b3c10,4.8C(80%)-4.8C-newstructure,1078.0,774.9,28.12
C_dq_min,Dummy,B3,b3c11,5.6C(19%)-4.6C-newstructure,817.0,774.9,5.15
C_dq_min,Dummy,B3,b3c12,5.6C(36%)-4.3C-newstructure,932.0,774.9,16.86
C_dq_min,Dummy,B3,b3c13,5.6C(19%)-4.6C-newstructure,816.0,774.9,5.04
C_dq_min,Dummy,B3,b3c14,5.6C(36%)-4.3C-newstructure,858.0,774.9,9.69
C_dq_min,Dummy,B3,b3c15,5.9C(15%)-4.6C-newstructure,876.0,774.9,11.54
C_dq_min,Dummy,B3,b3c16,4.8C(80%)-4.8C-newstructure,1638.0,774.9,52.69
C_dq_min,Dummy,B3,b3c17,5.3C(54%)-4C-newstructure,1315.0,774.9,41.07
C_dq_min,Dummy,B3,b3c18,5.6C(19%)-4.6C-newstructure,1146.0,774.9,32.38
C_dq_min,Dummy,B3,b3c19,5.6C(36%)-4.3C-newstructure,1155.0,774.9,32.91
C_dq_min,Dummy,B3,b3c20,5C(67%)-4C-newstructure,813.0,774.9,4.69
C_dq_min,Dummy,B3,b3c21,3.7C(31%)-5.9C-newstructure,772.0,774.9,0.38
C_dq_min,Dummy,B3,b3c22,5.9C(60%)-3.1C-newstructure,1002.0,774.9,22.66
C_dq_min,Dummy,B3,b3c24,5C(67%)-4C-newstructure,825.0,774.9,6.07
C_dq_min,Dummy,B3,b3c25,5.3C(54%)-4C-newstructure,989.0,774.9,21.65
C_dq_min,Dummy,B3,b3c26,5.6C(19%)-4.6C-newstructure,1028.0,774.9,24.62
C_dq_min,Dummy,B3,b3c27,5.6C(36%)-4.3C-newstructure,850.0,774.9,8.84
C_dq_min,Dummy,B3,b3c28,3.7C(31%)-5.9C-newstructure,541.0,774.9,43.23
C_dq_min,Dummy,B3,b3c29,5.9C(15%)-4.6C-newstructure,858.0,774.9,9.69
C_dq_min,Dummy,B3,b3c30,5.3C(54%)-4C-newstructure,935.0,774.9,17.12
C_dq_min,Dummy,B3,b3c31,5.9C(60%)-3.1C-newstructure,731.0,774.9,6.01
C_dq_min,Dummy,B3,b3c33,5C(67%)-4C-newstructure,1284.0,774.9,39.65
C_dq_min,Dummy,B3,b3c34,5.3C(54%)-4C-newstructure,1158.0,774.9,33.08
C_dq_min,Dummy,B3,b3c35,5.6C(19%)-4.6C-newstructure,1093.0,774.9,29.1
C_dq_min,Dummy,B3,b3c36,5.6C(36%)-4.3C-newstructure,923.0,774.9,16.05
C_dq_min,Dummy,B3,b3c38,5C(67%)-4C-newstructure,1935.0,774.9,59.95
C_dq_min,Dummy,B3,b3c39,5.3C(54%)-4C-newstructure,1156.0,774.9,32.97
C_dq_min,Dummy,B3,b3c40,5.6C(19%)-4.6C-newstructure,796.0,774.9,2.65
C_dq_min,Dummy,B3,b3c41,5.6C(36%)-4.3C-newstructure,786.0,774.9,1.41
C_dq_min,Dummy,B3,b3c44,5.3C(54%)-4C-newstructure,940.0,774.9,17.56
C_dq_min,Dummy,B3,b3c45,4.8C(80%)-4.8C-newstructure,1801.0,774.9,56.97
C_dq_min,ElasticNet,B2,b2c0,5.2C(58%)-4C,477.0,630.67,32.22
C_dq_min,ElasticNet,B2,b2c1,5.6C(26%)-4.5C,491.0,567.33,15.55
C_dq_min,ElasticNet,B2,b2c2,5.2C(50%)-4.25C,424.0,646.74,52.53
C_dq_min,ElasticNet,B2,b2c3,4.65C(44%)-5C,499.0,625.38,25.33
C_dq_min,ElasticNet,B2,b2c4,4.65C(69%)-6C,444.0,547.55,23.32
C_dq_min,ElasticNet,B2,b2c5,3.6C(30%)-6C,416.0,486.78,17.01
C_dq_min,ElasticNet,B2,b2c6,3.6C(9%)-5C,393.0,667.84,69.93
C_dq_min,ElasticNet,B2,b2c7,4.8C(80%)-4.8C-newstructure,777.0,1079.72,38.96
C_dq_min,ElasticNet,B2,b2c8,5.2C(58%)-4C-newstructure,904.0,935.7,3.51
C_dq_min,ElasticNet,B2,b2c9,5.6C(26%)-4.5C-newstructure,791.0,1141.18,44.27
C_dq_min,ElasticNet,B2,b2c10,4.8C(80%)-4.8C,492.0,625.81,27.2
C_dq_min,ElasticNet,B2,b2c11,5.2C(50%)-4.25C,449.0,631.75,40.7
C_dq_min,ElasticNet,B2,b2c12,4.65C(44%)-5C,466.0,518.16,11.19
C_dq_min,ElasticNet,B2,b2c13,4.65C(69%)-6C,460.0,574.61,24.91
C_dq_min,ElasticNet,B2,b2c14,3.6C(30%)-6C,426.0,494.92,16.18
C_dq_min,ElasticNet,B2,b2c15,3.6C(9%)-5C,396.0,659.74,66.6
C_dq_min,ElasticNet,B2,b2c16,4.8C(80%)-4.8C,472.0,642.96,36.22
C_dq_min,ElasticNet,B2,b2c17,5.6C(26%)-4.5C,471.0,647.85,37.55
C_dq_min,ElasticNet,B2,b2c18,5.2C(50%)-4.25C,449.0,761.55,69.61
C_dq_min,ElasticNet,B2,b2c19,6C(60%)-3C,392.0,569.64,45.32
C_dq_min,ElasticNet,B2,b2c20,5.2C(58%)-4C,489.0,597.2,22.13
C_dq_min,ElasticNet,B2,b2c21,6C(60%)-3C,408.0,575.67,41.1
C_dq_min,ElasticNet,B2,b2c24,4.8C(80%)-4.8C,514.0,702.2,36.61
C_dq_min,ElasticNet,B2,b2c25,5.2C(58%)-4C,493.0,662.96,34.47
C_dq_min,ElasticNet,B2,b2c26,5.6C(26%)-4.5C,450.0,534.42,18.76
C_dq_min,ElasticNet,B2,b2c27,5.2C(50%)-4.25C,474.0,634.48,33.86
C_dq_min,ElasticNet,B2,b2c28,4.8C(80%)-4.8C,437.0,621.38,42.19
C_dq_min,ElasticNet,B2,b2c29,5.2C(58%)-4C,452.0,647.34,43.22
C_dq_min,ElasticNet,B2,b2c30,5.6C(26%)-4.5C,412.0,525.3,27.5
C_dq_min,ElasticNet,B2,b2c31,5.6C(26%)-4.5C,425.0,576.91,35.74
C_dq_min,ElasticNet,B2,b2c32,4.8C(80%)-4.8C-newstructure,809.0,943.17,16.58
C_dq_min,ElasticNet,B2,b2c33,5.2C(58%)-4C-newstructure,1140.0,1017.54,10.74
C_dq_min,ElasticNet,B2,b2c34,5.6C(26%)-4.5C-newstructure,1186.0,1162.12,2.01
C_dq_min,ElasticNet,B2,b2c41,5.6C(26%)-4.5C,442.0,504.7,14.19
C_dq_min,ElasticNet,B2,b2c42,5.2C(50%)-4.25C,474.0,636.67,34.32
C_dq_min,ElasticNet,B2,b2c43,4.8C(80%)-4.8C-newstructure,1029.0,1161.35,12.86
C_dq_min,ElasticNet,B2,b2c44,5.2C(58%)-4C-newstructure,841.0,1123.25,33.56
C_dq_min,ElasticNet,B2,b2c45,5.6C(26%)-4.5C-newstructure,997.0,959.25,3.79
C_dq_min,ElasticNet,B2,b2c46,4.8C(80%)-4.8C,503.0,645.72,28.37
C_dq_min,ElasticNet,B3,b3c0,5C(67%)-4C-newstructure,1009.0,1036.93,2.77
C_dq_min,ElasticNet,B3,b3c1,5.3C(54%)-4C-newstructure,1063.0,1063.22,0.02
C_dq_min,ElasticNet,B3,b3c3,5.6C(36%)-4.3C-newstructure,1115.0,955.81,14.28
C_dq_min,ElasticNet,B3,b3c4,5.6C(19%)-4.6C-newstructure,1048.0,1000.22,4.56
C_dq_min,ElasticNet,B3,b3c5,5.6C(36%)-4.3C-newstructure,828.0,985.71,19.05
C_dq_min,ElasticNet,B3,b3c6,3.7C(31%)-5.9C-newstructure,667.0,643.33,3.55
C_dq_min,ElasticNet,B3,b3c7,4.8C(80%)-4.8C-newstructure,1836.0,1242.25,32.34
C_dq_min,ElasticNet,B3,b3c8,5C(67%)-4C-newstructure,828.0,955.55,15.4
C_dq_min,ElasticNet,B3,b3c9,5.3C(54%)-4C-newstructure,1039.0,903.56,13.04
C_dq_min,ElasticNet,B3,b3c10,4.8C(80%)-4.8C-newstructure,1078.0,1163.88,7.97
C_dq_min,ElasticNet,B3,b3c11,5.6C(19%)-4.6C-newstructure,817.0,832.3,1.87
C_dq_min,ElasticNet,B3,b3c12,5.6C(36%)-4.3C-newstructure,932.0,867.46,6.93
C_dq_min,ElasticNet,B3,b3c13,5.6C(19%)-4.6C-newstructure,816.0,939.52,15.14
C_dq_min,ElasticNet,B3,b3c14,5.6C(36%)-4.3C-newstructure,858.0,908.78,5.92
C_dq_min,ElasticNet,B3,b3c15,5.9C(15%)-4.6C-newstructure,876.0,905.17,3.33
C_dq_min,ElasticNet,B3,b3c16,4.8C(80%)-4.8C-newstructure,1638.0,1425.26,12.99
C_dq_min,ElasticNet,B3,b3c17,5.3C(54%)-4C-newstructure,1315.0,1208.83,8.07
C_dq_min,ElasticNet,B3,b3c18,5.6C(19%)-4.6C-newstructure,1146.0,1033.24,9.84
C_dq_min,ElasticNet,B3,b3c19,5.6C(36%)-4.3C-newstructure,1155.0,989.12,14.36
C_dq_min,ElasticNet,B3,b3c20,5C(67%)-4C-newstructure,813.0,931.24,14.54
C_dq_min,ElasticNet,B3,b3c21,3.7C(31%)-5.9C-newstructure,772.0,724.96,6.09
C_dq_min,ElasticNet,B3,b3c22,5.9C(60%)-3.1C-newstructure,1002.0,924.83,7.7
C_dq_min,ElasticNet,B3,b3c24,5C(67%)-4C-newstructure,825.0,1001.11,21.35
C_dq_min,ElasticNet,B3,b3c25,5.3C(54%)-4C-newstructure,989.0,961.21,2.81
C_dq_min,ElasticNet,B3,b3c26,5.6C(19%)-4.6C-newstructure,1028.0,1015.24,1.24
C_dq_min,ElasticNet,B3,b3c27,5.6C(36%)-4.3C-newstructure,850.0,960.71,13.02
C_dq_min,ElasticNet,B3,b3c28,3.7C(31%)-5.9C-newstructure,541.0,613.02,13.31
C_dq_min,ElasticNet,B3,b3c29,5.9C(15%)-4.6C-newstructure,858.0,915.32,6.68
C_dq_min,ElasticNet,B3,b3c30,5.3C(54%)-4C-newstructure,935.0,957.86,2.45
C_dq_min,ElasticNet,B3,b3c31,5.9C(60%)-3.1C-newstructure,731.0,811.4,11.0
C_dq_min,ElasticNet,B3,b3c33,5C(67%)-4C-newstructure,1284.0,1136.8,11.46
C_dq_min,ElasticNet,B3,b3c34,5.3C(54%)-4C-newstructure,1158.0,1086.33,6.19
C_dq_min,ElasticNet,B3,b3c35,5.6C(19%)-4.6C-newstructure,1093.0,1044.3,4.46
C_dq_min,ElasticNet,B3,b3c36,5.6C(36%)-4.3C-newstructure,923.0,1045.51,13.27
C_dq_min,ElasticNet,B3,b3c38,5C(67%)-4C-newstructure,1935.0,1128.25,41.69
C_dq_min,ElasticNet,B3,b3c39,5.3C(54%)-4C-newstructure,1156.0,1225.75,6.03
C_dq_min,ElasticNet,B3,b3c40,5.6C(19%)-4.6C-newstructure,796.0,1070.75,34.52
C_dq_min,ElasticNet,B3,b3c41,5.6C(36%)-4.3C-newstructure,786.0,1014.91,29.12
C_dq_min,ElasticNet,B3,b3c44,5.3C(54%)-4C-newstructure,940.0,973.8,3.6
C_dq_min,ElasticNet,B3,b3c45,4.8C(80%)-4.8C-newstructure,1801.0,1267.41,29.63
C_dq_min,Ridge,B2,b2c0,5.2C(58%)-4C,477.0,634.16,32.95
C_dq_min,Ridge,B2,b2c1,5.6C(26%)-4.5C,491.0,572.09,16.52
C_dq_min,Ridge,B2,b2c2,5.2C(50%)-4.25C,424.0,649.88,53.27
C_dq_min,Ridge,B2,b2c3,4.65C(44%)-5C,499.0,628.99,26.05
C_dq_min,Ridge,B2,b2c4,4.65C(69%)-6C,444.0,552.67,24.48
C_dq_min,Ridge,B2,b2c5,3.6C(30%)-6C,416.0,492.88,18.48
C_dq_min,Ridge,B2,b2c6,3.6C(9%)-5C,393.0,670.5,70.61
C_dq_min,Ridge,B2,b2c7,4.8C(80%)-4.8C-newstructure,777.0,1070.16,37.73
C_dq_min,Ridge,B2,b2c8,5.2C(58%)-4C-newstructure,904.0,930.99,2.99
C_dq_min,Ridge,B2,b2c9,5.6C(26%)-4.5C-newstructure,791.0,1129.41,42.78
C_dq_min,Ridge,B2,b2c10,4.8C(80%)-4.8C,492.0,629.4,27.93
C_dq_min,Ridge,B2,b2c11,5.2C(50%)-4.25C,449.0,635.22,41.47
C_dq_min,Ridge,B2,b2c12,4.65C(44%)-5C,466.0,523.78,12.4
C_dq_min,Ridge,B2,b2c13,4.65C(69%)-6C,460.0,579.23,25.92
C_dq_min,Ridge,B2,b2c14,3.6C(30%)-6C,426.0,500.9,17.58
C_dq_min,Ridge,B2,b2c15,3.6C(9%)-5C,396.0,662.59,67.32
C_dq_min,Ridge,B2,b2c16,4.8C(80%)-4.8C,472.0,646.19,36.9
C_dq_min,Ridge,B2,b2c17,5.6C(26%)-4.5C,471.0,650.96,38.21
C_dq_min,Ridge,B2,b2c18,5.2C(50%)-4.25C,449.0,761.9,69.69
C_dq_min,Ridge,B2,b2c19,6C(60%)-3C,392.0,574.36,46.52
C_dq_min,Ridge,B2,b2c20,5.2C(58%)-4C,489.0,601.38,22.98
C_dq_min,Ridge,B2,b2c21,6C(60%)-3C,408.0,580.28,42.22
C_dq_min,Ridge,B2,b2c24,4.8C(80%)-4.8C,514.0,704.05,36.97
C_dq_min,Ridge,B2,b2c25,5.2C(58%)-4C,493.0,665.74,35.04
C_dq_min,Ridge,B2,b2c26,5.6C(26%)-4.5C,450.0,539.77,19.95
C_dq_min,Ridge,B2,b2c27,5.2C(50%)-4.25C,474.0,637.89,34.58
C_dq_min,Ridge,B2,b2c28,4.8C(80%)-4.8C,437.0,625.07,43.04
C_dq_min,Ridge,B2,b2c29,5.2C(58%)-4C,452.0,650.47,43.91
C_dq_min,Ridge,B2,b2c30,5.6C(26%)-4.5C,412.0,530.8,28.84
C_dq_min,Ridge,B2,b2c31,5.6C(26%)-4.5C,425.0,581.49,36.82
C_dq_min,Ridge,B2,b2c32,4.8C(80%)-4.8C-newstructure,809.0,938.22,15.97
C_dq_min,Ridge,B2,b2c33,5.2C(58%)-4C-newstructure,1140.0,1010.14,11.39
C_dq_min,Ridge,B2,b2c34,5.6C(26%)-4.5C-newstructure,1186.0,1149.57,3.07
C_dq_min,Ridge,B2,b2c41,5.6C(26%)-4.5C,442.0,510.53,15.5
C_dq_min,Ridge,B2,b2c42,5.2C(50%)-4.25C,474.0,640.03,35.03
C_dq_min,Ridge,B2,b2c43,4.8C(80%)-4.8C-newstructure,1029.0,1148.83,11.65
C_dq_min,Ridge,B2,b2c44,5.2C(58%)-4C-newstructure,841.0,1112.14,32.24
C_dq_min,Ridge,B2,b2c45,5.6C(26%)-4.5C-newstructure,997.0,953.78,4.34
C_dq_min,Ridge,B2,b2c46,4.8C(80%)-4.8C,503.0,648.88,29.0
C_dq_min,Ridge,B3,b3c0,5C(67%)-4C-newstructure,1009.0,1028.87,1.97
C_dq_min,Ridge,B3,b3c1,5.3C(54%)-4C-newstructure,1063.0,1054.25,0.82
C_dq_min,Ridge,B3,b3c3,5.6C(36%)-4.3C-newstructure,1115.0,950.45,14.76
C_dq_min,Ridge,B3,b3c4,5.6C(19%)-4.6C-newstructure,1048.0,993.4,5.21
C_dq_min,Ridge,B3,b3c5,5.6C(36%)-4.3C-newstructure,828.0,979.37,18.28
C_dq_min,Ridge,B3,b3c6,3.7C(31%)-5.9C-newstructure,667.0,646.55,3.07
C_dq_min,Ridge,B3,b3c7,4.8C(80%)-4.8C-newstructure,1836.0,1226.64,33.19
C_dq_min,Ridge,B3,b3c8,5C(67%)-4C-newstructure,828.0,950.2,14.76
C_dq_min,Ridge,B3,b3c9,5.3C(54%)-4C-newstructure,1039.0,899.85,13.39
C_dq_min,Ridge,B3,b3c10,4.8C(80%)-4.8C-newstructure,1078.0,1151.26,6.8
C_dq_min,Ridge,B3,b3c11,5.6C(19%)-4.6C-newstructure,817.0,830.71,1.68
C_dq_min,Ridge,B3,b3c12,5.6C(36%)-4.3C-newstructure,932.0,864.84,7.21
C_dq_min,Ridge,B3,b3c13,5.6C(19%)-4.6C-newstructure,816.0,934.68,14.54
C_dq_min,Ridge,B3,b3c14,5.6C(36%)-4.3C-newstructure,858.0,904.9,5.47
C_dq_min,Ridge,B3,b3c15,5.9C(15%)-4.6C-newstructure,876.0,901.41,2.9
C_dq_min,Ridge,B3,b3c16,4.8C(80%)-4.8C-newstructure,1638.0,1402.18,14.4
C_dq_min,Ridge,B3,b3c17,5.3C(54%)-4C-newstructure,1315.0,1194.51,9.16
C_dq_min,Ridge,B3,b3c18,5.6C(19%)-4.6C-newstructure,1146.0,1025.31,10.53
C_dq_min,Ridge,B3,b3c19,5.6C(36%)-4.3C-newstructure,1155.0,982.67,14.92
C_dq_min,Ridge,B3,b3c20,5C(67%)-4C-newstructure,813.0,926.67,13.98
C_dq_min,Ridge,B3,b3c21,3.7C(31%)-5.9C-newstructure,772.0,726.26,5.93
C_dq_min,Ridge,B3,b3c22,5.9C(60%)-3.1C-newstructure,1002.0,920.46,8.14
C_dq_min,Ridge,B3,b3c24,5C(67%)-4C-newstructure,825.0,994.26,20.52
C_dq_min,Ridge,B3,b3c25,5.3C(54%)-4C-newstructure,989.0,955.68,3.37
C_dq_min,Ridge,B3,b3c26,5.6C(19%)-4.6C-newstructure,1028.0,1007.92,1.95
C_dq_min,Ridge,B3,b3c27,5.6C(36%)-4.3C-newstructure,850.0,955.19,12.38
C_dq_min,Ridge,B3,b3c28,3.7C(31%)-5.9C-newstructure,541.0,616.88,14.03
C_dq_min,Ridge,B3,b3c29,5.9C(15%)-4.6C-newstructure,858.0,911.24,6.21
C_dq_min,Ridge,B3,b3c30,5.3C(54%)-4C-newstructure,935.0,952.44,1.87
C_dq_min,Ridge,B3,b3c31,5.9C(60%)-3.1C-newstructure,731.0,810.4,10.86
C_dq_min,Ridge,B3,b3c33,5C(67%)-4C-newstructure,1284.0,1125.19,12.37
C_dq_min,Ridge,B3,b3c34,5.3C(54%)-4C-newstructure,1158.0,1076.54,7.03
C_dq_min,Ridge,B3,b3c35,5.6C(19%)-4.6C-newstructure,1093.0,1035.98,5.22
C_dq_min,Ridge,B3,b3c36,5.6C(36%)-4.3C-newstructure,923.0,1037.16,12.37
C_dq_min,Ridge,B3,b3c38,5C(67%)-4C-newstructure,1935.0,1116.95,42.28
C_dq_min,Ridge,B3,b3c39,5.3C(54%)-4C-newstructure,1156.0,1210.78,4.74
C_dq_min,Ridge,B3,b3c40,5.6C(19%)-4.6C-newstructure,796.0,1061.51,33.36
C_dq_min,Ridge,B3,b3c41,5.6C(36%)-4.3C-newstructure,786.0,1007.6,28.19
C_dq_min,Ridge,B3,b3c44,5.3C(54%)-4C-newstructure,940.0,967.86,2.96
C_dq_min,Ridge,B3,b3c45,4.8C(80%)-4.8C-newstructure,1801.0,1250.81,30.55
C_dq_min,RandomForest,B2,b2c0,5.2C(58%)-4C,477.0,601.26,26.05
C_dq_min,RandomForest,B2,b2c1,5.6C(26%)-4.5C,491.0,599.64,22.13
C_dq_min,RandomForest,B2,b2c2,5.2C(50%)-4.25C,424.0,601.26,41.81
C_dq_min,RandomForest,B2,b2c3,4.65C(44%)-5C,499.0,601.26,20.49
C_dq_min,RandomForest,B2,b2c4,4.65C(69%)-6C,444.0,599.64,35.05
C_dq_min,RandomForest,B2,b2c5,3.6C(30%)-6C,416.0,599.64,44.14
C_dq_min,RandomForest,B2,b2c6,3.6C(9%)-5C,393.0,632.8,61.02
C_dq_min,RandomForest,B2,b2c7,4.8C(80%)-4.8C-newstructure,777.0,926.19,19.2
C_dq_min,RandomForest,B2,b2c8,5.2C(58%)-4C-newstructure,904.0,926.19,2.45
C_dq_min,RandomForest,B2,b2c9,5.6C(26%)-4.5C-newstructure,791.0,926.19,17.09
C_dq_min,RandomForest,B2,b2c10,4.8C(80%)-4.8C,492.0,601.26,22.21
C_dq_min,RandomForest,B2,b2c11,5.2C(50%)-4.25C,449.0,601.26,33.91
C_dq_min,RandomForest,B2,b2c12,4.65C(44%)-5C,466.0,599.64,28.68
C_dq_min,RandomForest,B2,b2c13,4.65C(69%)-6C,460.0,599.64,30.36
C_dq_min,RandomForest,B2,b2c14,3.6C(30%)-6C,426.0,599.64,40.76
C_dq_min,RandomForest,B2,b2c15,3.6C(9%)-5C,396.0,609.81,53.99
C_dq_min,RandomForest,B2,b2c16,4.8C(80%)-4.8C,472.0,601.26,27.38
C_dq_min,RandomForest,B2,b2c17,5.6C(26%)-4.5C,471.0,601.26,27.66
C_dq_min,RandomForest,B2,b2c18,5.2C(50%)-4.25C,449.0,752.96,67.7
C_dq_min,RandomForest,B2,b2c19,6C(60%)-3C,392.0,599.64,52.97
C_dq_min,RandomForest,B2,b2c20,5.2C(58%)-4C,489.0,599.64,22.63
C_dq_min,RandomForest,B2,b2c21,6C(60%)-3C,408.0,599.64,46.97
C_dq_min,RandomForest,B2,b2c24,4.8C(80%)-4.8C,514.0,706.8,37.51
C_dq_min,RandomForest,B2,b2c25,5.2C(58%)-4C,493.0,632.09,28.21
C_dq_min,RandomForest,B2,b2c26,5.6C(26%)-4.5C,450.0,599.64,33.25
C_dq_min,RandomForest,B2,b2c27,5.2C(50%)-4.25C,474.0,601.26,26.85
C_dq_min,RandomForest,B2,b2c28,4.8C(80%)-4.8C,437.0,600.47,37.41
C_dq_min,RandomForest,B2,b2c29,5.2C(58%)-4C,452.0,601.26,33.02
C_dq_min,RandomForest,B2,b2c30,5.6C(26%)-4.5C,412.0,599.64,45.54
C_dq_min,RandomForest,B2,b2c31,5.6C(26%)-4.5C,425.0,599.64,41.09
C_dq_min,RandomForest,B2,b2c32,4.8C(80%)-4.8C-newstructure,809.0,926.19,14.49
C_dq_min,RandomForest,B2,b2c33,5.2C(58%)-4C-newstructure,1140.0,926.19,18.76
C_dq_min,RandomForest,B2,b2c34,5.6C(26%)-4.5C-newstructure,1186.0,926.19,21.91
C_dq_min,RandomForest,B2,b2c41,5.6C(26%)-4.5C,442.0,599.64,35.66
C_dq_min,RandomForest,B2,b2c42,5.2C(50%)-4.25C,474.0,601.26,26.85
C_dq_min,RandomForest,B2,b2c43,4.8C(80%)-4.8C-newstructure,1029.0,926.19,9.99
C_dq_min,RandomForest,B2,b2c44,5.2C(58%)-4C-newstructure,841.0,926.19,10.13
C_dq_min,RandomForest,B2,b2c45,5.6C(26%)-4.5C-newstructure,997.0,926.19,7.1
C_dq_min,RandomForest,B2,b2c46,4.8C(80%)-4.8C,503.0,601.26,19.53
C_dq_min,RandomForest,B3,b3c0,5C(67%)-4C-newstructure,1009.0,926.19,8.21
C_dq_min,RandomForest,B3,b3c1,5.3C(54%)-4C-newstructure,1063.0,926.19,12.87
C_dq_min,RandomForest,B3,b3c3,5.6C(36%)-4.3C-newstructure,1115.0,926.19,16.93
C_dq_min,RandomForest,B3,b3c4,5.6C(19%)-4.6C-newstructure,1048.0,926.19,11.62
C_dq_min,RandomForest,B3,b3c5,5.6C(36%)-4.3C-newstructure,828.0,926.19,11.86
C_dq_min,RandomForest,B3,b3c6,3.7C(31%)-5.9C-newstructure,667.0,601.26,9.86
C_dq_min,RandomForest,B3,b3c7,4.8C(80%)-4.8C-newstructure,1836.0,926.19,49.55
C_dq_min,RandomForest,B3,b3c8,5C(67%)-4C-newstructure,828.0,926.19,11.86
C_dq_min,RandomForest,B3,b3c9,5.3C(54%)-4C-newstructure,1039.0,900.56,13.32
C_dq_min,RandomForest,B3,b3c10,4.8C(80%)-4.8C-newstructure,1078.0,926.19,14.08
C_dq_min,RandomForest,B3,b3c11,5.6C(19%)-4.6C-newstructure,817.0,882.78,8.05
C_dq_min,RandomForest,B3,b3c12,5.6C(36%)-4.3C-newstructure,932.0,895.04,3.97
C_dq_min,RandomForest,B3,b3c13,5.6C(19%)-4.6C-newstructure,816.0,926.19,13.5
C_dq_min,RandomForest,B3,b3c14,5.6C(36%)-4.3C-newstructure,858.0,899.21,4.8
C_dq_min,RandomForest,B3,b3c15,5.9C(15%)-4.6C-newstructure,876.0,900.56,2.8
C_dq_min,RandomForest,B3,b3c16,4.8C(80%)-4.8C-newstructure,1638.0,926.19,43.46
C_dq_min,RandomForest,B3,b3c17,5.3C(54%)-4C-newstructure,1315.0,926.19,29.57
C_dq_min,RandomForest,B3,b3c18,5.6C(19%)-4.6C-newstructure,1146.0,926.19,19.18
C_dq_min,RandomForest,B3,b3c19,5.6C(36%)-4.3C-newstructure,1155.0,926.19,19.81
C_dq_min,RandomForest,B3,b3c20,5C(67%)-4C-newstructure,813.0,925.99,13.9
C_dq_min,RandomForest,B3,b3c21,3.7C(31%)-5.9C-newstructure,772.0,709.88,8.05
C_dq_min,RandomForest,B3,b3c22,5.9C(60%)-3.1C-newstructure,1002.0,930.73,7.11
C_dq_min,RandomForest,B3,b3c24,5C(67%)-4C-newstructure,825.0,926.19,12.27
C_dq_min,RandomForest,B3,b3c25,5.3C(54%)-4C-newstructure,989.0,926.19,6.35
C_dq_min,RandomForest,B3,b3c26,5.6C(19%)-4.6C-newstructure,1028.0,926.19,9.9
C_dq_min,RandomForest,B3,b3c27,5.6C(36%)-4.3C-newstructure,850.0,926.19,8.96
C_dq_min,RandomForest,B3,b3c28,3.7C(31%)-5.9C-newstructure,541.0,600.47,10.99
C_dq_min,RandomForest,B3,b3c29,5.9C(15%)-4.6C-newstructure,858.0,901.11,5.02
C_dq_min,RandomForest,B3,b3c30,5.3C(54%)-4C-newstructure,935.0,926.19,0.94
C_dq_min,RandomForest,B3,b3c31,5.9C(60%)-3.1C-newstructure,731.0,877.74,20.07
C_dq_min,RandomForest,B3,b3c33,5C(67%)-4C-newstructure,1284.0,926.19,27.87
C_dq_min,RandomForest,B3,b3c34,5.3C(54%)-4C-newstructure,1158.0,926.19,20.02
C_dq_min,RandomForest,B3,b3c35,5.6C(19%)-4.6C-newstructure,1093.0,926.19,15.26
C_dq_min,RandomForest,B3,b3c36,5.6C(36%)-4.3C-newstructure,923.0,926.19,0.35
C_dq_min,RandomForest,B3,b3c38,5C(67%)-4C-newstructure,1935.0,926.19,52.13
C_dq_min,RandomForest,B3,b3c39,5.3C(54%)-4C-newstructure,1156.0,926.19,19.88
C_dq_min,RandomForest,B3,b3c40,5.6C(19%)-4.6C-newstructure,796.0,926.19,16.36
C_dq_min,RandomForest,B3,b3c41,5.6C(36%)-4.3C-newstructure,786.0,926.19,17.84
C_dq_min,RandomForest,B3,b3c44,5.3C(54%)-4C-newstructure,940.0,926.19,1.47
C_dq_min,RandomForest,B3,b3c45,4.8C(80%)-4.8C-newstructure,1801.0,926.19,48.57
C_dq_min,GBM,B2,b2c0,5.2C(58%)-4C,477.0,627.25,31.5
C_dq_min,GBM,B2,b2c1,5.6C(26%)-4.5C,491.0,576.68,17.45
C_dq_min,GBM,B2,b2c2,5.2C(50%)-4.25C,424.0,633.01,49.3
C_dq_min,GBM,B2,b2c3,4.65C(44%)-5C,499.0,627.25,25.7
C_dq_min,GBM,B2,b2c4,4.65C(69%)-6C,444.0,576.68,29.88
C_dq_min,GBM,B2,b2c5,3.6C(30%)-6C,416.0,576.68,38.63
C_dq_min,GBM,B2,b2c6,3.6C(9%)-5C,393.0,633.01,61.07
C_dq_min,GBM,B2,b2c7,4.8C(80%)-4.8C-newstructure,777.0,852.68,9.74
C_dq_min,GBM,B2,b2c8,5.2C(58%)-4C-newstructure,904.0,930.1,2.89
C_dq_min,GBM,B2,b2c9,5.6C(26%)-4.5C-newstructure,791.0,852.68,7.8
C_dq_min,GBM,B2,b2c10,4.8C(80%)-4.8C,492.0,627.25,27.49
C_dq_min,GBM,B2,b2c11,5.2C(50%)-4.25C,449.0,627.25,39.7
C_dq_min,GBM,B2,b2c12,4.65C(44%)-5C,466.0,576.68,23.75
C_dq_min,GBM,B2,b2c13,4.65C(69%)-6C,460.0,576.68,25.37
C_dq_min,GBM,B2,b2c14,3.6C(30%)-6C,426.0,576.68,35.37
C_dq_min,GBM,B2,b2c15,3.6C(9%)-5C,396.0,633.01,59.85
C_dq_min,GBM,B2,b2c16,4.8C(80%)-4.8C,472.0,633.01,34.11
C_dq_min,GBM,B2,b2c17,5.6C(26%)-4.5C,471.0,633.01,34.4
C_dq_min,GBM,B2,b2c18,5.2C(50%)-4.25C,449.0,776.99,73.05
C_dq_min,GBM,B2,b2c19,6C(60%)-3C,392.0,576.68,47.11
C_dq_min,GBM,B2,b2c20,5.2C(58%)-4C,489.0,613.16,25.39
C_dq_min,GBM,B2,b2c21,6C(60%)-3C,408.0,576.68,41.34
C_dq_min,GBM,B2,b2c24,4.8C(80%)-4.8C,514.0,712.28,38.58
C_dq_min,GBM,B2,b2c25,5.2C(58%)-4C,493.0,633.01,28.4
C_dq_min,GBM,B2,b2c26,5.6C(26%)-4.5C,450.0,576.68,28.15
C_dq_min,GBM,B2,b2c27,5.2C(50%)-4.25C,474.0,633.01,33.55
C_dq_min,GBM,B2,b2c28,4.8C(80%)-4.8C,437.0,627.25,43.54
C_dq_min,GBM,B2,b2c29,5.2C(58%)-4C,452.0,633.01,40.05
C_dq_min,GBM,B2,b2c30,5.6C(26%)-4.5C,412.0,576.68,39.97
C_dq_min,GBM,B2,b2c31,5.6C(26%)-4.5C,425.0,576.68,35.69
C_dq_min,GBM,B2,b2c32,4.8C(80%)-4.8C-newstructure,809.0,930.1,14.97
C_dq_min,GBM,B2,b2c33,5.2C(58%)-4C-newstructure,1140.0,852.68,25.2
C_dq_min,GBM,B2,b2c34,5.6C(26%)-4.5C-newstructure,1186.0,852.68,28.1
C_dq_min,GBM,B2,b2c41,5.6C(26%)-4.5C,442.0,576.68,30.47
C_dq_min,GBM,B2,b2c42,5.2C(50%)-4.25C,474.0,633.01,33.55
C_dq_min,GBM,B2,b2c43,4.8C(80%)-4.8C-newstructure,1029.0,852.68,17.13
C_dq_min,GBM,B2,b2c44,5.2C(58%)-4C-newstructure,841.0,852.68,1.39
C_dq_min,GBM,B2,b2c45,5.6C(26%)-4.5C-newstructure,997.0,930.1,6.71
C_dq_min,GBM,B2,b2c46,4.8C(80%)-4.8C,503.0,633.01,25.85
C_dq_min,GBM,B3,b3c0,5C(67%)-4C-newstructure,1009.0,852.68,15.49
C_dq_min,GBM,B3,b3c1,5.3C(54%)-4C-newstructure,1063.0,852.68,19.79
C_dq_min,GBM,B3,b3c3,5.6C(36%)-4.3C-newstructure,1115.0,930.1,16.58
C_dq_min,GBM,B3,b3c4,5.6C(19%)-4.6C-newstructure,1048.0,930.1,11.25
C_dq_min,GBM,B3,b3c5,5.6C(36%)-4.3C-newstructure,828.0,930.1,12.33
C_dq_min,GBM,B3,b3c6,3.7C(31%)-5.9C-newstructure,667.0,633.01,5.1
C_dq_min,GBM,B3,b3c7,4.8C(80%)-4.8C-newstructure,1836.0,852.68,53.56
C_dq_min,GBM,B3,b3c8,5C(67%)-4C-newstructure,828.0,930.1,12.33
C_dq_min,GBM,B3,b3c9,5.3C(54%)-4C-newstructure,1039.0,890.87,14.26
C_dq_min,GBM,B3,b3c10,4.8C(80%)-4.8C-newstructure,1078.0,852.68,20.9
C_dq_min,GBM,B3,b3c11,5.6C(19%)-4.6C-newstructure,817.0,875.78,7.19
C_dq_min,GBM,B3,b3c12,5.6C(36%)-4.3C-newstructure,932.0,890.87,4.41
C_dq_min,GBM,B3,b3c13,5.6C(19%)-4.6C-newstructure,816.0,930.1,13.98
C_dq_min,GBM,B3,b3c14,5.6C(36%)-4.3C-newstructure,858.0,890.87,3.83
C_dq_min,GBM,B3,b3c15,5.9C(15%)-4.6C-newstructure,876.0,890.87,1.7
C_dq_min,GBM,B3,b3c16,4.8C(80%)-4.8C-newstructure,1638.0,852.68,47.94
C_dq_min,GBM,B3,b3c17,5.3C(54%)-4C-newstructure,1315.0,852.68,35.16
C_dq_min,GBM,B3,b3c18,5.6C(19%)-4.6C-newstructure,1146.0,852.68,25.59
C_dq_min,GBM,B3,b3c19,5.6C(36%)-4.3C-newstructure,1155.0,930.1,19.47
C_dq_min,GBM,B3,b3c20,5C(67%)-4C-newstructure,813.0,930.1,14.4
C_dq_min,GBM,B3,b3c21,3.7C(31%)-5.9C-newstructure,772.0,712.28,7.74
C_dq_min,GBM,B3,b3c22,5.9C(60%)-3.1C-newstructure,1002.0,930.1,7.18
C_dq_min,GBM,B3,b3c24,5C(67%)-4C-newstructure,825.0,930.1,12.74
C_dq_min,GBM,B3,b3c25,5.3C(54%)-4C-newstructure,989.0,930.1,5.96
C_dq_min,GBM,B3,b3c26,5.6C(19%)-4.6C-newstructure,1028.0,852.68,17.05
C_dq_min,GBM,B3,b3c27,5.6C(36%)-4.3C-newstructure,850.0,930.1,9.42
C_dq_min,GBM,B3,b3c28,3.7C(31%)-5.9C-newstructure,541.0,627.25,15.94
C_dq_min,GBM,B3,b3c29,5.9C(15%)-4.6C-newstructure,858.0,890.87,3.83
C_dq_min,GBM,B3,b3c30,5.3C(54%)-4C-newstructure,935.0,930.1,0.52
C_dq_min,GBM,B3,b3c31,5.9C(60%)-3.1C-newstructure,731.0,875.78,19.81
C_dq_min,GBM,B3,b3c33,5C(67%)-4C-newstructure,1284.0,852.68,33.59
C_dq_min,GBM,B3,b3c34,5.3C(54%)-4C-newstructure,1158.0,852.68,26.37
C_dq_min,GBM,B3,b3c35,5.6C(19%)-4.6C-newstructure,1093.0,852.68,21.99
C_dq_min,GBM,B3,b3c36,5.6C(36%)-4.3C-newstructure,923.0,852.68,7.62
C_dq_min,GBM,B3,b3c38,5C(67%)-4C-newstructure,1935.0,852.68,55.93
C_dq_min,GBM,B3,b3c39,5.3C(54%)-4C-newstructure,1156.0,852.68,26.24
C_dq_min,GBM,B3,b3c40,5.6C(19%)-4.6C-newstructure,796.0,852.68,7.12
C_dq_min,GBM,B3,b3c41,5.6C(36%)-4.3C-newstructure,786.0,852.68,8.48
C_dq_min,GBM,B3,b3c44,5.3C(54%)-4C-newstructure,940.0,930.1,1.05
C_dq_min,GBM,B3,b3c45,4.8C(80%)-4.8C-newstructure,1801.0,852.68,52.66
D_with_excluded,Dummy,B2,b2c0,5.2C(58%)-4C,477.0,774.9,62.45
D_with_excluded,Dummy,B2,b2c1,5.6C(26%)-4.5C,491.0,774.9,57.82
D_with_excluded,Dummy,B2,b2c2,5.2C(50%)-4.25C,424.0,774.9,82.76
D_with_excluded,Dummy,B2,b2c3,4.65C(44%)-5C,499.0,774.9,55.29
D_with_excluded,Dummy,B2,b2c4,4.65C(69%)-6C,444.0,774.9,74.53
D_with_excluded,Dummy,B2,b2c5,3.6C(30%)-6C,416.0,774.9,86.27
D_with_excluded,Dummy,B2,b2c6,3.6C(9%)-5C,393.0,774.9,97.18
D_with_excluded,Dummy,B2,b2c7,4.8C(80%)-4.8C-newstructure,777.0,774.9,0.27
D_with_excluded,Dummy,B2,b2c8,5.2C(58%)-4C-newstructure,904.0,774.9,14.28
D_with_excluded,Dummy,B2,b2c9,5.6C(26%)-4.5C-newstructure,791.0,774.9,2.04
D_with_excluded,Dummy,B2,b2c10,4.8C(80%)-4.8C,492.0,774.9,57.5
D_with_excluded,Dummy,B2,b2c11,5.2C(50%)-4.25C,449.0,774.9,72.58
D_with_excluded,Dummy,B2,b2c12,4.65C(44%)-5C,466.0,774.9,66.29
D_with_excluded,Dummy,B2,b2c13,4.65C(69%)-6C,460.0,774.9,68.46
D_with_excluded,Dummy,B2,b2c14,3.6C(30%)-6C,426.0,774.9,81.9
D_with_excluded,Dummy,B2,b2c15,3.6C(9%)-5C,396.0,774.9,95.68
D_with_excluded,Dummy,B2,b2c16,4.8C(80%)-4.8C,472.0,774.9,64.17
D_with_excluded,Dummy,B2,b2c17,5.6C(26%)-4.5C,471.0,774.9,64.52
D_with_excluded,Dummy,B2,b2c18,5.2C(50%)-4.25C,449.0,774.9,72.58
D_with_excluded,Dummy,B2,b2c19,6C(60%)-3C,392.0,774.9,97.68
D_with_excluded,Dummy,B2,b2c20,5.2C(58%)-4C,489.0,774.9,58.47
D_with_excluded,Dummy,B2,b2c21,6C(60%)-3C,408.0,774.9,89.93
D_with_excluded,Dummy,B2,b2c24,4.8C(80%)-4.8C,514.0,774.9,50.76
D_with_excluded,Dummy,B2,b2c25,5.2C(58%)-4C,493.0,774.9,57.18
D_with_excluded,Dummy,B2,b2c26,5.6C(26%)-4.5C,450.0,774.9,72.2
D_with_excluded,Dummy,B2,b2c27,5.2C(50%)-4.25C,474.0,774.9,63.48
D_with_excluded,Dummy,B2,b2c28,4.8C(80%)-4.8C,437.0,774.9,77.32
D_with_excluded,Dummy,B2,b2c29,5.2C(58%)-4C,452.0,774.9,71.44
D_with_excluded,Dummy,B2,b2c30,5.6C(26%)-4.5C,412.0,774.9,88.08
D_with_excluded,Dummy,B2,b2c31,5.6C(26%)-4.5C,425.0,774.9,82.33
D_with_excluded,Dummy,B2,b2c32,4.8C(80%)-4.8C-newstructure,809.0,774.9,4.21
D_with_excluded,Dummy,B2,b2c33,5.2C(58%)-4C-newstructure,1140.0,774.9,32.03
D_with_excluded,Dummy,B2,b2c34,5.6C(26%)-4.5C-newstructure,1186.0,774.9,34.66
D_with_excluded,Dummy,B2,b2c41,5.6C(26%)-4.5C,442.0,774.9,75.32
D_with_excluded,Dummy,B2,b2c42,5.2C(50%)-4.25C,474.0,774.9,63.48
D_with_excluded,Dummy,B2,b2c43,4.8C(80%)-4.8C-newstructure,1029.0,774.9,24.69
D_with_excluded,Dummy,B2,b2c44,5.2C(58%)-4C-newstructure,841.0,774.9,7.86
D_with_excluded,Dummy,B2,b2c45,5.6C(26%)-4.5C-newstructure,997.0,774.9,22.28
D_with_excluded,Dummy,B2,b2c46,4.8C(80%)-4.8C,503.0,774.9,54.06
D_with_excluded,Dummy,B3,b3c0,5C(67%)-4C-newstructure,1009.0,774.9,23.2
D_with_excluded,Dummy,B3,b3c1,5.3C(54%)-4C-newstructure,1063.0,774.9,27.1
D_with_excluded,Dummy,B3,b3c3,5.6C(36%)-4.3C-newstructure,1115.0,774.9,30.5
D_with_excluded,Dummy,B3,b3c4,5.6C(19%)-4.6C-newstructure,1048.0,774.9,26.06
D_with_excluded,Dummy,B3,b3c5,5.6C(36%)-4.3C-newstructure,828.0,774.9,6.41
D_with_excluded,Dummy,B3,b3c6,3.7C(31%)-5.9C-newstructure,667.0,774.9,16.18
D_with_excluded,Dummy,B3,b3c7,4.8C(80%)-4.8C-newstructure,1836.0,774.9,57.79
D_with_excluded,Dummy,B3,b3c8,5C(67%)-4C-newstructure,828.0,774.9,6.41
D_with_excluded,Dummy,B3,b3c9,5.3C(54%)-4C-newstructure,1039.0,774.9,25.42
D_with_excluded,Dummy,B3,b3c10,4.8C(80%)-4.8C-newstructure,1078.0,774.9,28.12
D_with_excluded,Dummy,B3,b3c11,5.6C(19%)-4.6C-newstructure,817.0,774.9,5.15
D_with_excluded,Dummy,B3,b3c12,5.6C(36%)-4.3C-newstructure,932.0,774.9,16.86
D_with_excluded,Dummy,B3,b3c13,5.6C(19%)-4.6C-newstructure,816.0,774.9,5.04
D_with_excluded,Dummy,B3,b3c14,5.6C(36%)-4.3C-newstructure,858.0,774.9,9.69
D_with_excluded,Dummy,B3,b3c15,5.9C(15%)-4.6C-newstructure,876.0,774.9,11.54
D_with_excluded,Dummy,B3,b3c16,4.8C(80%)-4.8C-newstructure,1638.0,774.9,52.69
D_with_excluded,Dummy,B3,b3c17,5.3C(54%)-4C-newstructure,1315.0,774.9,41.07
D_with_excluded,Dummy,B3,b3c18,5.6C(19%)-4.6C-newstructure,1146.0,774.9,32.38
D_with_excluded,Dummy,B3,b3c19,5.6C(36%)-4.3C-newstructure,1155.0,774.9,32.91
D_with_excluded,Dummy,B3,b3c20,5C(67%)-4C-newstructure,813.0,774.9,4.69
D_with_excluded,Dummy,B3,b3c21,3.7C(31%)-5.9C-newstructure,772.0,774.9,0.38
D_with_excluded,Dummy,B3,b3c22,5.9C(60%)-3.1C-newstructure,1002.0,774.9,22.66
D_with_excluded,Dummy,B3,b3c24,5C(67%)-4C-newstructure,825.0,774.9,6.07
D_with_excluded,Dummy,B3,b3c25,5.3C(54%)-4C-newstructure,989.0,774.9,21.65
D_with_excluded,Dummy,B3,b3c26,5.6C(19%)-4.6C-newstructure,1028.0,774.9,24.62
D_with_excluded,Dummy,B3,b3c27,5.6C(36%)-4.3C-newstructure,850.0,774.9,8.84
D_with_excluded,Dummy,B3,b3c28,3.7C(31%)-5.9C-newstructure,541.0,774.9,43.23
D_with_excluded,Dummy,B3,b3c29,5.9C(15%)-4.6C-newstructure,858.0,774.9,9.69
D_with_excluded,Dummy,B3,b3c30,5.3C(54%)-4C-newstructure,935.0,774.9,17.12
D_with_excluded,Dummy,B3,b3c31,5.9C(60%)-3.1C-newstructure,731.0,774.9,6.01
D_with_excluded,Dummy,B3,b3c33,5C(67%)-4C-newstructure,1284.0,774.9,39.65
D_with_excluded,Dummy,B3,b3c34,5.3C(54%)-4C-newstructure,1158.0,774.9,33.08
D_with_excluded,Dummy,B3,b3c35,5.6C(19%)-4.6C-newstructure,1093.0,774.9,29.1
D_with_excluded,Dummy,B3,b3c36,5.6C(36%)-4.3C-newstructure,923.0,774.9,16.05
D_with_excluded,Dummy,B3,b3c38,5C(67%)-4C-newstructure,1935.0,774.9,59.95
D_with_excluded,Dummy,B3,b3c39,5.3C(54%)-4C-newstructure,1156.0,774.9,32.97
D_with_excluded,Dummy,B3,b3c40,5.6C(19%)-4.6C-newstructure,796.0,774.9,2.65
D_with_excluded,Dummy,B3,b3c41,5.6C(36%)-4.3C-newstructure,786.0,774.9,1.41
D_with_excluded,Dummy,B3,b3c44,5.3C(54%)-4C-newstructure,940.0,774.9,17.56
D_with_excluded,Dummy,B3,b3c45,4.8C(80%)-4.8C-newstructure,1801.0,774.9,56.97
D_with_excluded,ElasticNet,B2,b2c0,5.2C(58%)-4C,477.0,744.79,56.14
D_with_excluded,ElasticNet,B2,b2c1,5.6C(26%)-4.5C,491.0,677.58,38.0
D_with_excluded,ElasticNet,B2,b2c2,5.2C(50%)-4.25C,424.0,607.93,43.38
D_with_excluded,ElasticNet,B2,b2c3,4.65C(44%)-5C,499.0,718.13,43.91
D_with_excluded,ElasticNet,B2,b2c4,4.65C(69%)-6C,444.0,582.22,31.13
D_with_excluded,ElasticNet,B2,b2c5,3.6C(30%)-6C,416.0,563.51,35.46
D_with_excluded,ElasticNet,B2,b2c6,3.6C(9%)-5C,393.0,697.05,77.37
D_with_excluded,ElasticNet,B2,b2c7,4.8C(80%)-4.8C-newstructure,777.0,1104.37,42.13
D_with_excluded,ElasticNet,B2,b2c8,5.2C(58%)-4C-newstructure,904.0,1017.68,12.57
D_with_excluded,ElasticNet,B2,b2c9,5.6C(26%)-4.5C-newstructure,791.0,1225.11,54.88
D_with_excluded,ElasticNet,B2,b2c10,4.8C(80%)-4.8C,492.0,765.46,55.58
D_with_excluded,ElasticNet,B2,b2c11,5.2C(50%)-4.25C,449.0,712.96,58.79
D_with_excluded,ElasticNet,B2,b2c12,4.65C(44%)-5C,466.0,605.35,29.9
D_with_excluded,ElasticNet,B2,b2c13,4.65C(69%)-6C,460.0,649.65,41.23
D_with_excluded,ElasticNet,B2,b2c14,3.6C(30%)-6C,426.0,520.68,22.22
D_with_excluded,ElasticNet,B2,b2c15,3.6C(9%)-5C,396.0,605.84,52.99
D_with_excluded,ElasticNet,B2,b2c16,4.8C(80%)-4.8C,472.0,710.4,50.51
D_with_excluded,ElasticNet,B2,b2c17,5.6C(26%)-4.5C,471.0,699.08,48.42
D_with_excluded,ElasticNet,B2,b2c18,5.2C(50%)-4.25C,449.0,713.52,58.91
D_with_excluded,ElasticNet,B2,b2c19,6C(60%)-3C,392.0,605.33,54.42
D_with_excluded,ElasticNet,B2,b2c20,5.2C(58%)-4C,489.0,701.87,43.53
D_with_excluded,ElasticNet,B2,b2c21,6C(60%)-3C,408.0,656.1,60.81
D_with_excluded,ElasticNet,B2,b2c24,4.8C(80%)-4.8C,514.0,768.05,49.43
D_with_excluded,ElasticNet,B2,b2c25,5.2C(58%)-4C,493.0,750.9,52.31
D_with_excluded,ElasticNet,B2,b2c26,5.6C(26%)-4.5C,450.0,638.93,41.98
D_with_excluded,ElasticNet,B2,b2c27,5.2C(50%)-4.25C,474.0,696.86,47.02
D_with_excluded,ElasticNet,B2,b2c28,4.8C(80%)-4.8C,437.0,659.52,50.92
D_with_excluded,ElasticNet,B2,b2c29,5.2C(58%)-4C,452.0,761.23,68.41
D_with_excluded,ElasticNet,B2,b2c30,5.6C(26%)-4.5C,412.0,583.6,41.65
D_with_excluded,ElasticNet,B2,b2c31,5.6C(26%)-4.5C,425.0,668.99,57.41
D_with_excluded,ElasticNet,B2,b2c32,4.8C(80%)-4.8C-newstructure,809.0,1019.09,25.97
D_with_excluded,ElasticNet,B2,b2c33,5.2C(58%)-4C-newstructure,1140.0,979.46,14.08
D_with_excluded,ElasticNet,B2,b2c34,5.6C(26%)-4.5C-newstructure,1186.0,1078.81,9.04
D_with_excluded,ElasticNet,B2,b2c41,5.6C(26%)-4.5C,442.0,621.13,40.53
D_with_excluded,ElasticNet,B2,b2c42,5.2C(50%)-4.25C,474.0,744.86,57.14
D_with_excluded,ElasticNet,B2,b2c43,4.8C(80%)-4.8C-newstructure,1029.0,1189.48,15.6
D_with_excluded,ElasticNet,B2,b2c44,5.2C(58%)-4C-newstructure,841.0,1255.1,49.24
D_with_excluded,ElasticNet,B2,b2c45,5.6C(26%)-4.5C-newstructure,997.0,1162.72,16.62
D_with_excluded,ElasticNet,B2,b2c46,4.8C(80%)-4.8C,503.0,749.54,49.01
D_with_excluded,ElasticNet,B3,b3c0,5C(67%)-4C-newstructure,1009.0,948.77,5.97
D_with_excluded,ElasticNet,B3,b3c1,5.3C(54%)-4C-newstructure,1063.0,957.49,9.93
D_with_excluded,ElasticNet,B3,b3c3,5.6C(36%)-4.3C-newstructure,1115.0,846.26,24.1
D_with_excluded,ElasticNet,B3,b3c4,5.6C(19%)-4.6C-newstructure,1048.0,941.5,10.16
D_with_excluded,ElasticNet,B3,b3c5,5.6C(36%)-4.3C-newstructure,828.0,780.24,5.77
D_with_excluded,ElasticNet,B3,b3c6,3.7C(31%)-5.9C-newstructure,667.0,578.44,13.28
D_with_excluded,ElasticNet,B3,b3c7,4.8C(80%)-4.8C-newstructure,1836.0,1135.26,38.17
D_with_excluded,ElasticNet,B3,b3c8,5C(67%)-4C-newstructure,828.0,843.76,1.9
D_with_excluded,ElasticNet,B3,b3c9,5.3C(54%)-4C-newstructure,1039.0,812.96,21.76
D_with_excluded,ElasticNet,B3,b3c10,4.8C(80%)-4.8C-newstructure,1078.0,1037.9,3.72
D_with_excluded,ElasticNet,B3,b3c11,5.6C(19%)-4.6C-newstructure,817.0,756.24,7.44
D_with_excluded,ElasticNet,B3,b3c12,5.6C(36%)-4.3C-newstructure,932.0,821.06,11.9
D_with_excluded,ElasticNet,B3,b3c13,5.6C(19%)-4.6C-newstructure,816.0,850.01,4.17
D_with_excluded,ElasticNet,B3,b3c14,5.6C(36%)-4.3C-newstructure,858.0,840.76,2.01
D_with_excluded,ElasticNet,B3,b3c15,5.9C(15%)-4.6C-newstructure,876.0,816.51,6.79
D_with_excluded,ElasticNet,B3,b3c16,4.8C(80%)-4.8C-newstructure,1638.0,1237.94,24.42
D_with_excluded,ElasticNet,B3,b3c17,5.3C(54%)-4C-newstructure,1315.0,1067.34,18.83
D_with_excluded,ElasticNet,B3,b3c18,5.6C(19%)-4.6C-newstructure,1146.0,957.99,16.41
D_with_excluded,ElasticNet,B3,b3c19,5.6C(36%)-4.3C-newstructure,1155.0,933.93,19.14
D_with_excluded,ElasticNet,B3,b3c20,5C(67%)-4C-newstructure,813.0,831.88,2.32
D_with_excluded,ElasticNet,B3,b3c21,3.7C(31%)-5.9C-newstructure,772.0,672.92,12.83
D_with_excluded,ElasticNet,B3,b3c22,5.9C(60%)-3.1C-newstructure,1002.0,772.68,22.89
D_with_excluded,ElasticNet,B3,b3c24,5C(67%)-4C-newstructure,825.0,772.53,6.36
D_with_excluded,ElasticNet,B3,b3c25,5.3C(54%)-4C-newstructure,989.0,852.14,13.84
D_with_excluded,ElasticNet,B3,b3c26,5.6C(19%)-4.6C-newstructure,1028.0,963.46,6.28
D_with_excluded,ElasticNet,B3,b3c27,5.6C(36%)-4.3C-newstructure,850.0,839.09,1.28
D_with_excluded,ElasticNet,B3,b3c28,3.7C(31%)-5.9C-newstructure,541.0,511.72,5.41
D_with_excluded,ElasticNet,B3,b3c29,5.9C(15%)-4.6C-newstructure,858.0,838.05,2.32
D_with_excluded,ElasticNet,B3,b3c30,5.3C(54%)-4C-newstructure,935.0,872.34,6.7
D_with_excluded,ElasticNet,B3,b3c31,5.9C(60%)-3.1C-newstructure,731.0,735.22,0.58
D_with_excluded,ElasticNet,B3,b3c33,5C(67%)-4C-newstructure,1284.0,994.0,22.59
D_with_excluded,ElasticNet,B3,b3c34,5.3C(54%)-4C-newstructure,1158.0,946.42,18.27
D_with_excluded,ElasticNet,B3,b3c35,5.6C(19%)-4.6C-newstructure,1093.0,916.1,16.18
D_with_excluded,ElasticNet,B3,b3c36,5.6C(36%)-4.3C-newstructure,923.0,890.01,3.57
D_with_excluded,ElasticNet,B3,b3c38,5C(67%)-4C-newstructure,1935.0,1028.78,46.83
D_with_excluded,ElasticNet,B3,b3c39,5.3C(54%)-4C-newstructure,1156.0,943.53,18.38
D_with_excluded,ElasticNet,B3,b3c40,5.6C(19%)-4.6C-newstructure,796.0,925.63,16.28
D_with_excluded,ElasticNet,B3,b3c41,5.6C(36%)-4.3C-newstructure,786.0,829.27,5.51
D_with_excluded,ElasticNet,B3,b3c44,5.3C(54%)-4C-newstructure,940.0,896.12,4.67
D_with_excluded,ElasticNet,B3,b3c45,4.8C(80%)-4.8C-newstructure,1801.0,1175.29,34.74
D_with_excluded,Ridge,B2,b2c0,5.2C(58%)-4C,477.0,766.35,60.66
D_with_excluded,Ridge,B2,b2c1,5.6C(26%)-4.5C,491.0,706.06,43.8
D_with_excluded,Ridge,B2,b2c2,5.2C(50%)-4.25C,424.0,587.5,38.56
D_with_excluded,Ridge,B2,b2c3,4.65C(44%)-5C,499.0,692.63,38.8
D_with_excluded,Ridge,B2,b2c4,4.65C(69%)-6C,444.0,590.87,33.08
D_with_excluded,Ridge,B2,b2c5,3.6C(30%)-6C,416.0,597.75,43.69
D_with_excluded,Ridge,B2,b2c6,3.6C(9%)-5C,393.0,672.24,71.05
D_with_excluded,Ridge,B2,b2c7,4.8C(80%)-4.8C-newstructure,777.0,1066.28,37.23
D_with_excluded,Ridge,B2,b2c8,5.2C(58%)-4C-newstructure,904.0,1039.73,15.01
D_with_excluded,Ridge,B2,b2c9,5.6C(26%)-4.5C-newstructure,791.0,1260.95,59.41
D_with_excluded,Ridge,B2,b2c10,4.8C(80%)-4.8C,492.0,782.0,58.94
D_with_excluded,Ridge,B2,b2c11,5.2C(50%)-4.25C,449.0,688.01,53.23
D_with_excluded,Ridge,B2,b2c12,4.65C(44%)-5C,466.0,613.06,31.56
D_with_excluded,Ridge,B2,b2c13,4.65C(69%)-6C,460.0,658.81,43.22
D_with_excluded,Ridge,B2,b2c14,3.6C(30%)-6C,426.0,532.06,24.9
D_with_excluded,Ridge,B2,b2c15,3.6C(9%)-5C,396.0,565.19,42.73
D_with_excluded,Ridge,B2,b2c16,4.8C(80%)-4.8C,472.0,727.36,54.1
D_with_excluded,Ridge,B2,b2c17,5.6C(26%)-4.5C,471.0,693.16,47.17
D_with_excluded,Ridge,B2,b2c18,5.2C(50%)-4.25C,449.0,668.34,48.85
D_with_excluded,Ridge,B2,b2c19,6C(60%)-3C,392.0,597.1,52.32
D_with_excluded,Ridge,B2,b2c20,5.2C(58%)-4C,489.0,695.83,42.3
D_with_excluded,Ridge,B2,b2c21,6C(60%)-3C,408.0,651.26,59.62
D_with_excluded,Ridge,B2,b2c24,4.8C(80%)-4.8C,514.0,756.77,47.23
D_with_excluded,Ridge,B2,b2c25,5.2C(58%)-4C,493.0,754.52,53.05
D_with_excluded,Ridge,B2,b2c26,5.6C(26%)-4.5C,450.0,657.94,46.21
D_with_excluded,Ridge,B2,b2c27,5.2C(50%)-4.25C,474.0,680.36,43.54
D_with_excluded,Ridge,B2,b2c28,4.8C(80%)-4.8C,437.0,647.4,48.15
D_with_excluded,Ridge,B2,b2c29,5.2C(58%)-4C,452.0,751.35,66.23
D_with_excluded,Ridge,B2,b2c30,5.6C(26%)-4.5C,412.0,603.47,46.47
D_with_excluded,Ridge,B2,b2c31,5.6C(26%)-4.5C,425.0,661.4,55.62
D_with_excluded,Ridge,B2,b2c32,4.8C(80%)-4.8C-newstructure,809.0,1038.34,28.35
D_with_excluded,Ridge,B2,b2c33,5.2C(58%)-4C-newstructure,1140.0,994.51,12.76
D_with_excluded,Ridge,B2,b2c34,5.6C(26%)-4.5C-newstructure,1186.0,1037.41,12.53
D_with_excluded,Ridge,B2,b2c41,5.6C(26%)-4.5C,442.0,635.59,43.8
D_with_excluded,Ridge,B2,b2c42,5.2C(50%)-4.25C,474.0,740.63,56.25
D_with_excluded,Ridge,B2,b2c43,4.8C(80%)-4.8C-newstructure,1029.0,1249.49,21.43
D_with_excluded,Ridge,B2,b2c44,5.2C(58%)-4C-newstructure,841.0,1294.49,53.92
D_with_excluded,Ridge,B2,b2c45,5.6C(26%)-4.5C-newstructure,997.0,1219.59,22.33
D_with_excluded,Ridge,B2,b2c46,4.8C(80%)-4.8C,503.0,772.35,53.55
D_with_excluded,Ridge,B3,b3c0,5C(67%)-4C-newstructure,1009.0,917.85,9.03
D_with_excluded,Ridge,B3,b3c1,5.3C(54%)-4C-newstructure,1063.0,905.6,14.81
D_with_excluded,Ridge,B3,b3c3,5.6C(36%)-4.3C-newstructure,1115.0,783.84,29.7
D_with_excluded,Ridge,B3,b3c4,5.6C(19%)-4.6C-newstructure,1048.0,915.57,12.64
D_with_excluded,Ridge,B3,b3c5,5.6C(36%)-4.3C-newstructure,828.0,713.63,13.81
D_with_excluded,Ridge,B3,b3c6,3.7C(31%)-5.9C-newstructure,667.0,562.44,15.68
D_with_excluded,Ridge,B3,b3c7,4.8C(80%)-4.8C-newstructure,1836.0,1124.32,38.76
D_with_excluded,Ridge,B3,b3c8,5C(67%)-4C-newstructure,828.0,803.41,2.97
D_with_excluded,Ridge,B3,b3c9,5.3C(54%)-4C-newstructure,1039.0,780.97,24.83
D_with_excluded,Ridge,B3,b3c10,4.8C(80%)-4.8C-newstructure,1078.0,1016.96,5.66
D_with_excluded,Ridge,B3,b3c11,5.6C(19%)-4.6C-newstructure,817.0,718.88,12.01
D_with_excluded,Ridge,B3,b3c12,5.6C(36%)-4.3C-newstructure,932.0,797.69,14.41
D_with_excluded,Ridge,B3,b3c13,5.6C(19%)-4.6C-newstructure,816.0,805.6,1.27
D_with_excluded,Ridge,B3,b3c14,5.6C(36%)-4.3C-newstructure,858.0,810.2,5.57
D_with_excluded,Ridge,B3,b3c15,5.9C(15%)-4.6C-newstructure,876.0,779.77,10.99
D_with_excluded,Ridge,B3,b3c16,4.8C(80%)-4.8C-newstructure,1638.0,1201.59,26.64
D_with_excluded,Ridge,B3,b3c17,5.3C(54%)-4C-newstructure,1315.0,1010.77,23.14
D_with_excluded,Ridge,B3,b3c18,5.6C(19%)-4.6C-newstructure,1146.0,910.77,20.53
D_with_excluded,Ridge,B3,b3c19,5.6C(36%)-4.3C-newstructure,1155.0,897.98,22.25
D_with_excluded,Ridge,B3,b3c20,5C(67%)-4C-newstructure,813.0,791.91,2.59
D_with_excluded,Ridge,B3,b3c21,3.7C(31%)-5.9C-newstructure,772.0,654.27,15.25
D_with_excluded,Ridge,B3,b3c22,5.9C(60%)-3.1C-newstructure,1002.0,720.85,28.06
D_with_excluded,Ridge,B3,b3c24,5C(67%)-4C-newstructure,825.0,702.31,14.87
D_with_excluded,Ridge,B3,b3c25,5.3C(54%)-4C-newstructure,989.0,791.86,19.93
D_with_excluded,Ridge,B3,b3c26,5.6C(19%)-4.6C-newstructure,1028.0,916.16,10.88
D_with_excluded,Ridge,B3,b3c27,5.6C(36%)-4.3C-newstructure,850.0,777.22,8.56
D_with_excluded,Ridge,B3,b3c28,3.7C(31%)-5.9C-newstructure,541.0,479.38,11.39
D_with_excluded,Ridge,B3,b3c29,5.9C(15%)-4.6C-newstructure,858.0,804.57,6.23
D_with_excluded,Ridge,B3,b3c30,5.3C(54%)-4C-newstructure,935.0,844.32,9.7
D_with_excluded,Ridge,B3,b3c31,5.9C(60%)-3.1C-newstructure,731.0,700.08,4.23
D_with_excluded,Ridge,B3,b3c33,5C(67%)-4C-newstructure,1284.0,949.09,26.08
D_with_excluded,Ridge,B3,b3c34,5.3C(54%)-4C-newstructure,1158.0,888.19,23.3
D_with_excluded,Ridge,B3,b3c35,5.6C(19%)-4.6C-newstructure,1093.0,862.07,21.13
D_with_excluded,Ridge,B3,b3c36,5.6C(36%)-4.3C-newstructure,923.0,826.36,10.47
D_with_excluded,Ridge,B3,b3c38,5C(67%)-4C-newstructure,1935.0,990.47,48.81
D_with_excluded,Ridge,B3,b3c39,5.3C(54%)-4C-newstructure,1156.0,877.77,24.07
D_with_excluded,Ridge,B3,b3c40,5.6C(19%)-4.6C-newstructure,796.0,874.27,9.83
D_with_excluded,Ridge,B3,b3c41,5.6C(36%)-4.3C-newstructure,786.0,790.81,0.61
D_with_excluded,Ridge,B3,b3c44,5.3C(54%)-4C-newstructure,940.0,860.64,8.44
D_with_excluded,Ridge,B3,b3c45,4.8C(80%)-4.8C-newstructure,1801.0,1170.42,35.01
D_with_excluded,RandomForest,B2,b2c0,5.2C(58%)-4C,477.0,627.85,31.62
D_with_excluded,RandomForest,B2,b2c1,5.6C(26%)-4.5C,491.0,615.69,25.4
D_with_excluded,RandomForest,B2,b2c2,5.2C(50%)-4.25C,424.0,620.0,46.23
D_with_excluded,RandomForest,B2,b2c3,4.65C(44%)-5C,499.0,630.83,26.42
D_with_excluded,RandomForest,B2,b2c4,4.65C(69%)-6C,444.0,607.62,36.85
D_with_excluded,RandomForest,B2,b2c5,3.6C(30%)-6C,416.0,597.02,43.51
D_with_excluded,RandomForest,B2,b2c6,3.6C(9%)-5C,393.0,655.69,66.84
D_with_excluded,RandomForest,B2,b2c7,4.8C(80%)-4.8C-newstructure,777.0,913.65,17.59
D_with_excluded,RandomForest,B2,b2c8,5.2C(58%)-4C-newstructure,904.0,904.21,0.02
D_with_excluded,RandomForest,B2,b2c9,5.6C(26%)-4.5C-newstructure,791.0,930.48,17.63
D_with_excluded,RandomForest,B2,b2c10,4.8C(80%)-4.8C,492.0,625.31,27.1
D_with_excluded,RandomForest,B2,b2c11,5.2C(50%)-4.25C,449.0,629.7,40.24
D_with_excluded,RandomForest,B2,b2c12,4.65C(44%)-5C,466.0,612.09,31.35
D_with_excluded,RandomForest,B2,b2c13,4.65C(69%)-6C,460.0,611.19,32.87
D_with_excluded,RandomForest,B2,b2c14,3.6C(30%)-6C,426.0,590.54,38.63
D_with_excluded,RandomForest,B2,b2c15,3.6C(9%)-5C,396.0,617.85,56.02
D_with_excluded,RandomForest,B2,b2c16,4.8C(80%)-4.8C,472.0,629.2,33.31
D_with_excluded,RandomForest,B2,b2c17,5.6C(26%)-4.5C,471.0,629.86,33.73
D_with_excluded,RandomForest,B2,b2c18,5.2C(50%)-4.25C,449.0,679.98,51.44
D_with_excluded,RandomForest,B2,b2c19,6C(60%)-3C,392.0,614.95,56.87
D_with_excluded,RandomForest,B2,b2c20,5.2C(58%)-4C,489.0,629.93,28.82
D_with_excluded,RandomForest,B2,b2c21,6C(60%)-3C,408.0,615.98,50.98
D_with_excluded,RandomForest,B2,b2c24,4.8C(80%)-4.8C,514.0,733.46,42.7
D_with_excluded,RandomForest,B2,b2c25,5.2C(58%)-4C,493.0,650.9,32.03
D_with_excluded,RandomForest,B2,b2c26,5.6C(26%)-4.5C,450.0,616.73,37.05
D_with_excluded,RandomForest,B2,b2c27,5.2C(50%)-4.25C,474.0,629.88,32.89
D_with_excluded,RandomForest,B2,b2c28,4.8C(80%)-4.8C,437.0,624.66,42.94
D_with_excluded,RandomForest,B2,b2c29,5.2C(58%)-4C,452.0,628.65,39.08
D_with_excluded,RandomForest,B2,b2c30,5.6C(26%)-4.5C,412.0,601.67,46.04
D_with_excluded,RandomForest,B2,b2c31,5.6C(26%)-4.5C,425.0,615.75,44.88
D_with_excluded,RandomForest,B2,b2c32,4.8C(80%)-4.8C-newstructure,809.0,907.39,12.16
D_with_excluded,RandomForest,B2,b2c33,5.2C(58%)-4C-newstructure,1140.0,914.55,19.78
D_with_excluded,RandomForest,B2,b2c34,5.6C(26%)-4.5C-newstructure,1186.0,913.34,22.99
D_with_excluded,RandomForest,B2,b2c41,5.6C(26%)-4.5C,442.0,612.81,38.64
D_with_excluded,RandomForest,B2,b2c42,5.2C(50%)-4.25C,474.0,628.59,32.61
D_with_excluded,RandomForest,B2,b2c43,4.8C(80%)-4.8C-newstructure,1029.0,927.54,9.86
D_with_excluded,RandomForest,B2,b2c44,5.2C(58%)-4C-newstructure,841.0,927.54,10.29
D_with_excluded,RandomForest,B2,b2c45,5.6C(26%)-4.5C-newstructure,997.0,927.54,6.97
D_with_excluded,RandomForest,B2,b2c46,4.8C(80%)-4.8C,503.0,628.59,24.97
D_with_excluded,RandomForest,B3,b3c0,5C(67%)-4C-newstructure,1009.0,916.89,9.13
D_with_excluded,RandomForest,B3,b3c1,5.3C(54%)-4C-newstructure,1063.0,888.38,16.43
D_with_excluded,RandomForest,B3,b3c3,5.6C(36%)-4.3C-newstructure,1115.0,855.86,23.24
D_with_excluded,RandomForest,B3,b3c4,5.6C(19%)-4.6C-newstructure,1048.0,919.3,12.28
D_with_excluded,RandomForest,B3,b3c5,5.6C(36%)-4.3C-newstructure,828.0,854.62,3.22
D_with_excluded,RandomForest,B3,b3c6,3.7C(31%)-5.9C-newstructure,667.0,599.57,10.11
D_with_excluded,RandomForest,B3,b3c7,4.8C(80%)-4.8C-newstructure,1836.0,934.89,49.08
D_with_excluded,RandomForest,B3,b3c8,5C(67%)-4C-newstructure,828.0,859.01,3.74
D_with_excluded,RandomForest,B3,b3c9,5.3C(54%)-4C-newstructure,1039.0,866.53,16.6
D_with_excluded,RandomForest,B3,b3c10,4.8C(80%)-4.8C-newstructure,1078.0,895.34,16.94
D_with_excluded,RandomForest,B3,b3c11,5.6C(19%)-4.6C-newstructure,817.0,860.54,5.33
D_with_excluded,RandomForest,B3,b3c12,5.6C(36%)-4.3C-newstructure,932.0,870.18,6.63
D_with_excluded,RandomForest,B3,b3c13,5.6C(19%)-4.6C-newstructure,816.0,864.29,5.92
D_with_excluded,RandomForest,B3,b3c14,5.6C(36%)-4.3C-newstructure,858.0,865.0,0.82
D_with_excluded,RandomForest,B3,b3c15,5.9C(15%)-4.6C-newstructure,876.0,865.6,1.19
D_with_excluded,RandomForest,B3,b3c16,4.8C(80%)-4.8C-newstructure,1638.0,886.59,45.87
D_with_excluded,RandomForest,B3,b3c17,5.3C(54%)-4C-newstructure,1315.0,907.9,30.96
D_with_excluded,RandomForest,B3,b3c18,5.6C(19%)-4.6C-newstructure,1146.0,914.2,20.23
D_with_excluded,RandomForest,B3,b3c19,5.6C(36%)-4.3C-newstructure,1155.0,915.31,20.75
D_with_excluded,RandomForest,B3,b3c20,5C(67%)-4C-newstructure,813.0,862.34,6.07
D_with_excluded,RandomForest,B3,b3c21,3.7C(31%)-5.9C-newstructure,772.0,677.26,12.27
D_with_excluded,RandomForest,B3,b3c22,5.9C(60%)-3.1C-newstructure,1002.0,846.59,15.51
D_with_excluded,RandomForest,B3,b3c24,5C(67%)-4C-newstructure,825.0,863.18,4.63
D_with_excluded,RandomForest,B3,b3c25,5.3C(54%)-4C-newstructure,989.0,862.39,12.8
D_with_excluded,RandomForest,B3,b3c26,5.6C(19%)-4.6C-newstructure,1028.0,916.92,10.81
D_with_excluded,RandomForest,B3,b3c27,5.6C(36%)-4.3C-newstructure,850.0,854.17,0.49
D_with_excluded,RandomForest,B3,b3c28,3.7C(31%)-5.9C-newstructure,541.0,591.94,9.42
D_with_excluded,RandomForest,B3,b3c29,5.9C(15%)-4.6C-newstructure,858.0,893.99,4.19
D_with_excluded,RandomForest,B3,b3c30,5.3C(54%)-4C-newstructure,935.0,892.69,4.53
D_with_excluded,RandomForest,B3,b3c31,5.9C(60%)-3.1C-newstructure,731.0,863.48,18.12
D_with_excluded,RandomForest,B3,b3c33,5C(67%)-4C-newstructure,1284.0,876.96,31.7
D_with_excluded,RandomForest,B3,b3c34,5.3C(54%)-4C-newstructure,1158.0,877.95,24.18
D_with_excluded,RandomForest,B3,b3c35,5.6C(19%)-4.6C-newstructure,1093.0,880.43,19.45
D_with_excluded,RandomForest,B3,b3c36,5.6C(36%)-4.3C-newstructure,923.0,877.95,4.88
D_with_excluded,RandomForest,B3,b3c38,5C(67%)-4C-newstructure,1935.0,916.06,52.66
D_with_excluded,RandomForest,B3,b3c39,5.3C(54%)-4C-newstructure,1156.0,878.75,23.98
D_with_excluded,RandomForest,B3,b3c40,5.6C(19%)-4.6C-newstructure,796.0,877.95,10.29
D_with_excluded,RandomForest,B3,b3c41,5.6C(36%)-4.3C-newstructure,786.0,850.44,8.2
D_with_excluded,RandomForest,B3,b3c44,5.3C(54%)-4C-newstructure,940.0,893.68,4.93
D_with_excluded,RandomForest,B3,b3c45,4.8C(80%)-4.8C-newstructure,1801.0,940.92,47.76
D_with_excluded,GBM,B2,b2c0,5.2C(58%)-4C,477.0,689.35,44.52
D_with_excluded,GBM,B2,b2c1,5.6C(26%)-4.5C,491.0,640.89,30.53
D_with_excluded,GBM,B2,b2c2,5.2C(50%)-4.25C,424.0,622.19,46.74
D_with_excluded,GBM,B2,b2c3,4.65C(44%)-5C,499.0,679.05,36.08
D_with_excluded,GBM,B2,b2c4,4.65C(69%)-6C,444.0,640.89,44.34
D_with_excluded,GBM,B2,b2c5,3.6C(30%)-6C,416.0,625.38,50.33
D_with_excluded,GBM,B2,b2c6,3.6C(9%)-5C,393.0,681.9,73.51
D_with_excluded,GBM,B2,b2c7,4.8C(80%)-4.8C-newstructure,777.0,970.49,24.9
D_with_excluded,GBM,B2,b2c8,5.2C(58%)-4C-newstructure,904.0,934.99,3.43
D_with_excluded,GBM,B2,b2c9,5.6C(26%)-4.5C-newstructure,791.0,1000.14,26.44
D_with_excluded,GBM,B2,b2c10,4.8C(80%)-4.8C,492.0,685.05,39.24
D_with_excluded,GBM,B2,b2c11,5.2C(50%)-4.25C,449.0,681.9,51.87
D_with_excluded,GBM,B2,b2c12,4.65C(44%)-5C,466.0,653.47,40.23
D_with_excluded,GBM,B2,b2c13,4.65C(69%)-6C,460.0,650.14,41.34
D_with_excluded,GBM,B2,b2c14,3.6C(30%)-6C,426.0,606.14,42.29
D_with_excluded,GBM,B2,b2c15,3.6C(9%)-5C,396.0,624.62,57.73
D_with_excluded,GBM,B2,b2c16,4.8C(80%)-4.8C,472.0,676.07,43.24
D_with_excluded,GBM,B2,b2c17,5.6C(26%)-4.5C,471.0,681.9,44.78
D_with_excluded,GBM,B2,b2c18,5.2C(50%)-4.25C,449.0,683.39,52.2
D_with_excluded,GBM,B2,b2c19,6C(60%)-3C,392.0,642.58,63.92
D_with_excluded,GBM,B2,b2c20,5.2C(58%)-4C,489.0,677.64,38.58
D_with_excluded,GBM,B2,b2c21,6C(60%)-3C,408.0,646.41,58.43
D_with_excluded,GBM,B2,b2c24,4.8C(80%)-4.8C,514.0,753.28,46.55
D_with_excluded,GBM,B2,b2c25,5.2C(58%)-4C,493.0,681.9,38.32
D_with_excluded,GBM,B2,b2c26,5.6C(26%)-4.5C,450.0,647.93,43.98
D_with_excluded,GBM,B2,b2c27,5.2C(50%)-4.25C,474.0,681.9,43.86
D_with_excluded,GBM,B2,b2c28,4.8C(80%)-4.8C,437.0,653.51,49.54
D_with_excluded,GBM,B2,b2c29,5.2C(58%)-4C,452.0,689.35,52.51
D_with_excluded,GBM,B2,b2c30,5.6C(26%)-4.5C,412.0,634.27,53.95
D_with_excluded,GBM,B2,b2c31,5.6C(26%)-4.5C,425.0,642.58,51.2
D_with_excluded,GBM,B2,b2c32,4.8C(80%)-4.8C-newstructure,809.0,934.0,15.45
D_with_excluded,GBM,B2,b2c33,5.2C(58%)-4C-newstructure,1140.0,954.47,16.27
D_with_excluded,GBM,B2,b2c34,5.6C(26%)-4.5C-newstructure,1186.0,954.47,19.52
D_with_excluded,GBM,B2,b2c41,5.6C(26%)-4.5C,442.0,649.6,46.97
D_with_excluded,GBM,B2,b2c42,5.2C(50%)-4.25C,474.0,689.35,45.43
D_with_excluded,GBM,B2,b2c43,4.8C(80%)-4.8C-newstructure,1029.0,1001.2,2.7
D_with_excluded,GBM,B2,b2c44,5.2C(58%)-4C-newstructure,841.0,1001.2,19.05
D_with_excluded,GBM,B2,b2c45,5.6C(26%)-4.5C-newstructure,997.0,1001.2,0.42
D_with_excluded,GBM,B2,b2c46,4.8C(80%)-4.8C,503.0,689.35,37.05
D_with_excluded,GBM,B3,b3c0,5C(67%)-4C-newstructure,1009.0,954.47,5.4
D_with_excluded,GBM,B3,b3c1,5.3C(54%)-4C-newstructure,1063.0,875.76,17.61
D_with_excluded,GBM,B3,b3c3,5.6C(36%)-4.3C-newstructure,1115.0,815.19,26.89
D_with_excluded,GBM,B3,b3c4,5.6C(19%)-4.6C-newstructure,1048.0,960.22,8.38
D_with_excluded,GBM,B3,b3c5,5.6C(36%)-4.3C-newstructure,828.0,792.0,4.35
D_with_excluded,GBM,B3,b3c6,3.7C(31%)-5.9C-newstructure,667.0,587.63,11.9
D_with_excluded,GBM,B3,b3c7,4.8C(80%)-4.8C-newstructure,1836.0,965.05,47.44
D_with_excluded,GBM,B3,b3c8,5C(67%)-4C-newstructure,828.0,815.19,1.55
D_with_excluded,GBM,B3,b3c9,5.3C(54%)-4C-newstructure,1039.0,851.74,18.02
D_with_excluded,GBM,B3,b3c10,4.8C(80%)-4.8C-newstructure,1078.0,860.29,20.2
D_with_excluded,GBM,B3,b3c11,5.6C(19%)-4.6C-newstructure,817.0,812.46,0.56
D_with_excluded,GBM,B3,b3c12,5.6C(36%)-4.3C-newstructure,932.0,845.38,9.29
D_with_excluded,GBM,B3,b3c13,5.6C(19%)-4.6C-newstructure,816.0,815.19,0.1
D_with_excluded,GBM,B3,b3c14,5.6C(36%)-4.3C-newstructure,858.0,851.74,0.73
D_with_excluded,GBM,B3,b3c15,5.9C(15%)-4.6C-newstructure,876.0,839.8,4.13
D_with_excluded,GBM,B3,b3c16,4.8C(80%)-4.8C-newstructure,1638.0,860.29,47.48
D_with_excluded,GBM,B3,b3c17,5.3C(54%)-4C-newstructure,1315.0,968.03,26.39
D_with_excluded,GBM,B3,b3c18,5.6C(19%)-4.6C-newstructure,1146.0,954.47,16.71
D_with_excluded,GBM,B3,b3c19,5.6C(36%)-4.3C-newstructure,1155.0,954.47,17.36
D_with_excluded,GBM,B3,b3c20,5C(67%)-4C-newstructure,813.0,824.96,1.47
D_with_excluded,GBM,B3,b3c21,3.7C(31%)-5.9C-newstructure,772.0,650.7,15.71
D_with_excluded,GBM,B3,b3c22,5.9C(60%)-3.1C-newstructure,1002.0,801.5,20.01
D_with_excluded,GBM,B3,b3c24,5C(67%)-4C-newstructure,825.0,794.7,3.67
D_with_excluded,GBM,B3,b3c25,5.3C(54%)-4C-newstructure,989.0,794.7,19.65
D_with_excluded,GBM,B3,b3c26,5.6C(19%)-4.6C-newstructure,1028.0,968.03,5.83
D_with_excluded,GBM,B3,b3c27,5.6C(36%)-4.3C-newstructure,850.0,792.0,6.82
D_with_excluded,GBM,B3,b3c28,3.7C(31%)-5.9C-newstructure,541.0,583.96,7.94
D_with_excluded,GBM,B3,b3c29,5.9C(15%)-4.6C-newstructure,858.0,925.62,7.88
D_with_excluded,GBM,B3,b3c30,5.3C(54%)-4C-newstructure,935.0,888.45,4.98
D_with_excluded,GBM,B3,b3c31,5.9C(60%)-3.1C-newstructure,731.0,812.46,11.14
D_with_excluded,GBM,B3,b3c33,5C(67%)-4C-newstructure,1284.0,850.86,33.73
D_with_excluded,GBM,B3,b3c34,5.3C(54%)-4C-newstructure,1158.0,850.86,26.52
D_with_excluded,GBM,B3,b3c35,5.6C(19%)-4.6C-newstructure,1093.0,875.76,19.88
D_with_excluded,GBM,B3,b3c36,5.6C(36%)-4.3C-newstructure,923.0,850.86,7.82
D_with_excluded,GBM,B3,b3c38,5C(67%)-4C-newstructure,1935.0,954.47,50.67
D_with_excluded,GBM,B3,b3c39,5.3C(54%)-4C-newstructure,1156.0,850.86,26.4
D_with_excluded,GBM,B3,b3c40,5.6C(19%)-4.6C-newstructure,796.0,850.86,6.89
D_with_excluded,GBM,B3,b3c41,5.6C(36%)-4.3C-newstructure,786.0,814.45,3.62
D_with_excluded,GBM,B3,b3c44,5.3C(54%)-4C-newstructure,940.0,901.07,4.14
D_with_excluded,GBM,B3,b3c45,4.8C(80%)-4.8C-newstructure,1801.0,992.78,44.88
